date,commodity,predicted
2024-06-25,Crude Oil,84.19155388107481
2024-06-26,Crude Oil,84.26938884446916
2024-06-27,Crude Oil,84.89039733562129
2024-06-28,Crude Oil,83.7259824746982
2024-06-29,Crude Oil,83.27259057466502
2024-06-30,Crude Oil,83.266734798235
2024-07-01,Crude Oil,83.0073649550068
2024-07-02,Crude Oil,83.52066966639951
2024-07-03,Crude Oil,83.25479977532152
2024-07-04,Crude Oil,83.15218360200623
2024-07-05,Crude Oil,83.20430144423715
2024-07-06,Crude Oil,81.66310009487952
2024-07-07,Crude Oil,79.46805354063346
2024-07-08,Crude Oil,77.9942959873723
2024-07-09,Crude Oil,76.14843235761447
2024-07-10,Crude Oil,75.20113216806973
2024-07-11,Crude Oil,74.48468628777414
2024-07-12,Crude Oil,75.7157421117337
2024-07-13,Crude Oil,77.24628740999249
2024-07-14,Crude Oil,77.51832704932612
2024-07-15,Crude Oil,76.77955887964994
2024-07-16,Crude Oil,78.80041229936755
2024-07-17,Crude Oil,78.32320332854627
2024-07-18,Crude Oil,77.8165894938449
2024-07-19,Crude Oil,78.0849118193368
2024-07-20,Crude Oil,77.89251109682246
2024-07-21,Crude Oil,76.02535408503874
2024-07-22,Crude Oil,75.95283909200103
2024-07-23,Crude Oil,74.16515539775676
2024-07-24,Crude Oil,75.69662974880605
2024-07-25,Crude Oil,76.37462768844846
2024-07-26,Crude Oil,76.66382184081209
2024-07-27,Crude Oil,78.51550307444374
2024-07-28,Crude Oil,78.42458026693213
2024-07-29,Crude Oil,78.15867748088851
2024-07-30,Crude Oil,78.58213911162518
2024-07-31,Crude Oil,78.78197191661877
2024-08-01,Crude Oil,77.46308181318864
2024-08-02,Crude Oil,76.94687112801728
2024-08-03,Crude Oil,76.39310764264926
2024-08-04,Crude Oil,77.51622777966647
2024-08-05,Crude Oil,76.00720005307124
2024-08-06,Crude Oil,65.1184095136882
2024-08-07,Crude Oil,70.46025112611501
2024-08-08,Crude Oil,71.57493809210585
2024-08-09,Crude Oil,71.57343344248753
2024-08-10,Crude Oil,72.77010491835405
2024-08-11,Crude Oil,72.53219627325083
2024-08-12,Crude Oil,73.92041891014556
2024-08-13,Crude Oil,74.3467355888878
2024-08-14,Crude Oil,74.82231056697748
2024-08-15,Crude Oil,77.42569196639995
2024-08-16,Crude Oil,77.57034628355962
2024-08-17,Crude Oil,78.24383226007683
2024-08-18,Crude Oil,79.40478882245421
2024-08-19,Crude Oil,80.08902513513581
2024-08-20,Crude Oil,83.73440833704983
2024-08-21,Crude Oil,84.27150546478985
2024-08-22,Crude Oil,83.67583475809266
2024-08-23,Crude Oil,84.10887194930632
2024-08-24,Crude Oil,83.85250802763743
2024-08-25,Crude Oil,85.74435142065684
2024-08-26,Crude Oil,86.32845229013881
2024-08-27,Crude Oil,85.75297937389499
2024-08-28,Crude Oil,86.49876926208103
2024-08-29,Crude Oil,85.55678866677603
2024-08-30,Crude Oil,85.36390130483387
2024-08-31,Crude Oil,83.11570103583026
2024-09-01,Crude Oil,80.78948605963438
2024-09-02,Crude Oil,82.05240032286633
2024-09-03,Crude Oil,83.43660064096224
2024-09-04,Crude Oil,83.22257886732118
2024-09-05,Crude Oil,80.56698319245922
2024-09-06,Crude Oil,80.90308572154343
2024-09-07,Crude Oil,81.74444278400568
2024-09-08,Crude Oil,81.31350335720357
2024-09-09,Crude Oil,78.56329222643758
2024-09-10,Crude Oil,75.60442693560788
2024-09-11,Crude Oil,76.10381799554406
2024-09-12,Crude Oil,76.16357928154312
2024-09-13,Crude Oil,77.32566972113642
2024-09-14,Crude Oil,78.43217240636201
2024-09-15,Crude Oil,77.89149940464468
2024-09-16,Crude Oil,72.60229508469041
2024-09-17,Crude Oil,72.78456001277792
2024-09-18,Crude Oil,72.09965247534599
2024-09-19,Crude Oil,71.56758912533843
2024-09-20,Crude Oil,72.82857056624314
2024-09-21,Crude Oil,71.70770159262764
2024-09-22,Crude Oil,72.95674401835456
2024-09-23,Crude Oil,74.10111432834536
2024-09-24,Crude Oil,75.07654407666003
2024-09-25,Crude Oil,75.21702585553403
2024-09-26,Crude Oil,73.91800177338396
2024-09-27,Crude Oil,74.42759491025525
2024-09-28,Crude Oil,72.04662710497158
2024-09-29,Crude Oil,71.25218352312423
2024-09-30,Crude Oil,72.9898525218715
2024-10-01,Crude Oil,73.34493741905979
2024-10-02,Crude Oil,72.77504453735442
2024-10-03,Crude Oil,73.48324222122018
2024-10-04,Crude Oil,74.47095479752578
2024-10-05,Crude Oil,73.91227421585576
2024-10-06,Crude Oil,74.02547567854663
2024-10-07,Crude Oil,72.19536749962393
2024-10-08,Crude Oil,73.8341306211593
2024-10-09,Crude Oil,73.57172958667825
2024-10-10,Crude Oil,74.3106561950449
2024-10-11,Crude Oil,75.37933735452685
2024-10-12,Crude Oil,74.81187087483458
2024-10-13,Crude Oil,76.35117533906654
2024-10-14,Crude Oil,74.81175844712094
2024-10-15,Crude Oil,74.2938789829349
2024-10-16,Crude Oil,73.87986886132529
2024-10-17,Crude Oil,73.9106240049741
2024-10-18,Crude Oil,75.66158806801393
2024-10-19,Crude Oil,75.85564173560829
2024-10-20,Crude Oil,77.13897447686986
2024-10-21,Crude Oil,77.19949889753103
2024-10-22,Crude Oil,78.795452636361
2024-10-23,Crude Oil,78.87409873896189
2024-10-24,Crude Oil,79.49360221406552
2024-10-25,Crude Oil,78.30675701837195
2024-10-26,Crude Oil,80.21270254757766
2024-10-27,Crude Oil,81.31605625574036
2024-10-28,Crude Oil,81.67700056515292
2024-10-29,Crude Oil,80.7765248444332
2024-10-30,Crude Oil,80.41155790663524
2024-10-31,Crude Oil,81.30387121067449
2024-11-01,Crude Oil,80.87290714107351
2024-11-02,Crude Oil,81.93292138931866
2024-11-03,Crude Oil,83.77084899697392
2024-11-04,Crude Oil,84.49133289190672
2024-11-05,Crude Oil,84.19811032606563
2024-11-06,Crude Oil,83.76437532715914
2024-11-07,Crude Oil,84.49102592618515
2024-11-08,Crude Oil,86.27736151047539
2024-11-09,Crude Oil,87.65335655638182
2024-11-10,Crude Oil,85.73722913612843
2024-11-11,Crude Oil,84.8244523278676
2024-11-12,Crude Oil,84.93507126230546
2024-11-13,Crude Oil,85.75048327121256
2024-11-14,Crude Oil,85.42064146803943
2024-11-15,Crude Oil,85.80768889275387
2024-11-16,Crude Oil,86.94113911825242
2024-11-17,Crude Oil,85.70874624837062
2024-11-18,Crude Oil,87.87338021081213
2024-11-19,Crude Oil,90.48247918218945
2024-11-20,Crude Oil,92.28688540324741
2024-11-21,Crude Oil,89.8164542002059
2024-11-22,Crude Oil,93.62835248071735
2024-11-23,Crude Oil,95.43978558874424
2024-11-24,Crude Oil,96.7700747617764
2024-11-25,Crude Oil,90.50742470611203
2024-11-26,Crude Oil,88.55739052623126
2024-11-27,Crude Oil,89.9195178454284
2024-11-28,Crude Oil,87.76977861178943
2024-11-29,Crude Oil,84.82315772141168
2024-11-30,Crude Oil,84.64793863476831
2024-12-01,Crude Oil,88.48576563376015
2024-12-02,Crude Oil,90.71191580368787
2024-12-03,Crude Oil,94.79857209538315
2024-12-04,Crude Oil,95.55577130143617
2024-12-05,Crude Oil,97.34585420779587
2024-12-06,Crude Oil,95.81823443325032
2024-12-07,Crude Oil,96.87802445253372
2024-12-08,Crude Oil,93.50410738456249
2024-12-09,Crude Oil,93.76693242161899
2024-12-10,Crude Oil,94.83786846696242
2024-12-11,Crude Oil,93.02683591179681
2024-12-12,Crude Oil,92.92712628027691
2024-12-13,Crude Oil,94.77720542528675
2024-12-14,Crude Oil,94.15488880716353
2024-12-15,Crude Oil,91.34390166558333
2024-12-16,Crude Oil,90.58193570041851
2024-12-17,Crude Oil,91.74970419963148
2024-12-18,Crude Oil,89.73709432178799
2024-12-19,Crude Oil,92.45128087828226
2024-12-20,Crude Oil,96.05308451637269
2024-12-21,Crude Oil,96.14678749318433
2024-12-22,Crude Oil,96.09717305572428
2024-12-23,Crude Oil,92.66096751338422
2024-12-24,Crude Oil,92.90403106796786
2024-12-25,Crude Oil,90.30483244657236
2024-12-26,Crude Oil,88.86758165832305
2024-12-27,Crude Oil,87.94373340203771
2024-12-28,Crude Oil,91.41130672471247
2024-12-29,Crude Oil,91.37656519960011
2024-12-30,Crude Oil,90.91316178226975
2024-12-31,Crude Oil,90.44614096131403
2025-01-01,Crude Oil,93.60097789858806
2025-01-02,Crude Oil,91.8489564812131
2025-01-03,Crude Oil,94.01544431601134
2025-01-04,Crude Oil,95.18169816291007
2025-01-05,Crude Oil,96.4828331890547
2025-01-06,Crude Oil,93.73446725147278
2025-01-07,Crude Oil,90.23535232535943
2025-01-08,Crude Oil,91.62763351164253
2025-01-09,Crude Oil,92.68298122874991
2025-01-10,Crude Oil,92.82583436021316
2025-01-11,Crude Oil,95.7162516893948
2025-01-12,Crude Oil,93.03967630791301
2025-01-13,Crude Oil,91.20463478098056
2025-01-14,Crude Oil,91.76025357865724
2025-01-15,Crude Oil,93.57301361547472
2025-01-16,Crude Oil,91.14721768947466
2025-01-17,Crude Oil,91.36384742013962
2025-01-18,Crude Oil,89.32082060988616
2025-01-19,Crude Oil,89.52190235463287
2025-01-20,Crude Oil,90.05489685533277
2025-01-21,Crude Oil,90.66220079422716
2025-01-22,Crude Oil,91.81805811526095
2025-01-23,Crude Oil,92.36346012964061
2025-01-24,Crude Oil,91.89296720414028
2025-01-25,Crude Oil,89.34646255459738
2025-01-26,Crude Oil,91.79621695636216
2025-01-27,Crude Oil,93.90882434853906
2025-01-28,Crude Oil,93.75626134391322
2025-01-29,Crude Oil,93.1858692266641
2025-01-30,Crude Oil,92.98544224457277
2025-01-31,Crude Oil,91.78209204197637
2025-02-01,Crude Oil,89.89983833001095
2025-02-02,Crude Oil,92.24196864889906
2025-02-03,Crude Oil,90.01096012149911
2025-02-04,Crude Oil,89.2352369418241
2025-02-05,Crude Oil,86.55634453602964
2025-02-06,Crude Oil,85.04826630213017
2025-02-07,Crude Oil,86.20221244535891
2025-02-08,Crude Oil,84.9358262608263
2025-02-09,Crude Oil,85.9479305283134
2025-02-10,Crude Oil,86.11759408491663
2025-02-11,Crude Oil,84.65919944802202
2025-02-12,Crude Oil,84.04693785977884
2025-02-13,Crude Oil,81.04894116676475
2025-02-14,Crude Oil,82.0109325715539
2025-02-15,Crude Oil,83.64491985906793
2025-02-16,Crude Oil,85.06898841346869
2025-02-17,Crude Oil,85.31591117987504
2025-02-18,Crude Oil,82.39406678797533
2025-02-19,Crude Oil,82.64779333090596
2025-02-20,Crude Oil,82.39452274706684
2025-02-21,Crude Oil,84.2936186432062
2025-02-22,Crude Oil,85.63880142877781
2025-02-23,Crude Oil,84.97654059013105
2025-02-24,Crude Oil,84.31242564593855
2025-02-25,Crude Oil,81.23434395362126
2025-02-26,Crude Oil,81.94603075971234
2025-02-27,Crude Oil,82.44114993688758
2025-02-28,Crude Oil,82.59954927685959
2025-03-01,Crude Oil,81.61659859994408
2025-03-02,Crude Oil,82.20561975855911
2025-03-03,Crude Oil,82.45961538117953
2025-03-04,Crude Oil,80.90392929833968
2025-03-05,Crude Oil,81.49008886251218
2025-03-06,Crude Oil,80.23482778768098
2025-03-07,Crude Oil,79.46852862644064
2025-03-08,Crude Oil,81.06127932177903
2025-03-09,Crude Oil,81.38719402127504
2025-03-10,Crude Oil,81.83479564189781
2025-03-11,Crude Oil,81.86012516063889
2025-03-12,Crude Oil,83.3868978767921
2025-03-13,Crude Oil,84.01052448200535
2025-03-14,Crude Oil,83.54292529767149
2025-03-15,Crude Oil,81.81978862635204
2025-03-16,Crude Oil,82.94690765953108
2025-03-17,Crude Oil,82.41959500624253
2025-03-18,Crude Oil,81.42348473280887
2025-03-19,Crude Oil,80.76685877617498
2025-03-20,Crude Oil,82.21876914058954
2025-03-21,Crude Oil,83.00373380872207
2025-03-22,Crude Oil,82.37722751292448
2025-03-23,Crude Oil,84.0805669507156
2025-03-24,Crude Oil,85.41842420295107
2025-03-25,Crude Oil,83.57692002813492
2025-03-26,Crude Oil,83.37449761577379
2025-03-27,Crude Oil,80.90096745570295
2025-03-28,Crude Oil,82.3530382855204
2025-03-29,Crude Oil,82.64342615008117
2025-03-30,Crude Oil,80.37253461802261
2025-03-31,Crude Oil,80.86005306248403
2025-04-01,Crude Oil,82.21496292540539
2025-04-02,Crude Oil,81.09522831030834
2025-04-03,Crude Oil,82.03260630777456
2025-04-04,Crude Oil,82.63802574114189
2025-04-05,Crude Oil,81.22290738126927
2025-04-06,Crude Oil,81.11468247988923
2025-04-07,Crude Oil,82.49242529906901
2025-04-08,Crude Oil,81.00566107038414
2025-04-09,Crude Oil,80.07801049612983
2025-04-10,Crude Oil,80.97597204413519
2025-04-11,Crude Oil,79.45439944419908
2025-04-12,Crude Oil,78.06520242837306
2025-04-13,Crude Oil,78.60742369118863
2025-04-14,Crude Oil,79.778903862127
2025-04-15,Crude Oil,80.63762345466735
2025-04-16,Crude Oil,81.24100424910641
2025-04-17,Crude Oil,82.76469712538193
2025-04-18,Crude Oil,84.94317694398886
2025-04-19,Crude Oil,86.00595675414347
2025-04-20,Crude Oil,85.43812763676597
2025-04-21,Crude Oil,86.98499631691222
2025-04-22,Crude Oil,86.26920190195241
2025-04-23,Crude Oil,86.23839924653505
2025-04-24,Crude Oil,85.2456480192935
2025-04-25,Crude Oil,86.06047641726751
2025-04-26,Crude Oil,85.64444778963174
2025-04-27,Crude Oil,85.65582164335056
2025-04-28,Crude Oil,85.51556037871258
2025-04-29,Crude Oil,86.68854510119851
2025-04-30,Crude Oil,88.090691085894
2025-05-01,Crude Oil,87.8874800201117
2025-05-02,Crude Oil,87.17757940560297
2025-05-03,Crude Oil,86.80628481634164
2025-05-04,Crude Oil,88.76171159600395
2025-05-05,Crude Oil,88.06571570360012
2025-05-06,Crude Oil,87.71870109698709
2025-05-07,Crude Oil,86.55095644765495
2025-05-08,Crude Oil,87.29921584328555
2025-05-09,Crude Oil,86.55302384525676
2025-05-10,Crude Oil,85.83522308437465
2025-05-11,Crude Oil,87.81924519104783
2025-05-12,Crude Oil,87.27357581118888
2025-05-13,Crude Oil,86.42939357765185
2025-05-14,Crude Oil,85.18844267802348
2025-05-15,Crude Oil,86.04451109874861
2025-05-16,Crude Oil,87.0786352346108
2025-05-17,Crude Oil,85.64843563136812
2025-05-18,Crude Oil,85.6293329748251
2025-05-19,Crude Oil,83.35178024746712
2025-05-20,Crude Oil,82.02935873450033
2025-05-21,Crude Oil,80.97976629656424
2025-05-22,Crude Oil,81.10316600172467
2025-05-23,Crude Oil,81.49290551375006
2025-05-24,Crude Oil,80.78255745253321
2025-05-25,Crude Oil,80.44285461734695
2025-05-26,Crude Oil,79.8838822351627
2025-05-27,Crude Oil,80.75734729872653
2025-05-28,Crude Oil,81.65927351225292
2025-05-29,Crude Oil,82.24382199146622
2025-05-30,Crude Oil,81.97331365724442
2025-05-31,Crude Oil,81.49684609166297
2025-06-01,Crude Oil,80.53936068361985
2025-06-02,Crude Oil,79.06244680930918
2025-06-03,Crude Oil,77.88486954386428
2025-06-04,Crude Oil,77.29589407142298
2025-06-05,Crude Oil,78.9682684505043
2025-06-06,Crude Oil,81.42778715519155
2025-06-07,Crude Oil,81.55522498371151
2025-06-08,Crude Oil,80.02901082009197
2025-06-09,Crude Oil,78.93437982953549
2025-06-10,Crude Oil,77.72743586908082
2025-06-11,Crude Oil,77.85165886268013
2025-06-12,Crude Oil,79.36108874696065
2025-06-13,Crude Oil,79.69628697610219
2025-06-14,Crude Oil,80.32425584210611
2025-06-15,Crude Oil,81.7285585998967
2025-06-16,Crude Oil,80.74709173166069
2025-06-17,Crude Oil,81.13031670102312
2025-06-18,Crude Oil,82.30721555914728
2025-06-19,Crude Oil,81.16619741815313
2025-06-20,Crude Oil,80.77061058198015
2025-06-21,Crude Oil,81.7063809660433
2025-06-22,Crude Oil,81.99884963535249
2025-06-23,Crude Oil,81.50030735862295
2025-06-24,Crude Oil,82.40666456188342
2024-06-25,Heating Oil,2.8886034025083314
2024-06-26,Heating Oil,2.869021972471645
2024-06-27,Heating Oil,2.8816286736031107
2024-06-28,Heating Oil,2.839155750827984
2024-06-29,Heating Oil,2.845177579041028
2024-06-30,Heating Oil,2.8927676104677396
2024-07-01,Heating Oil,2.931750147247199
2024-07-02,Heating Oil,2.997633259927566
2024-07-03,Heating Oil,2.9331535213002526
2024-07-04,Heating Oil,2.887645561323469
2024-07-05,Heating Oil,2.8949170703750475
2024-07-06,Heating Oil,2.791328573757911
2024-07-07,Heating Oil,2.6724286946632474
2024-07-08,Heating Oil,2.673152892828664
2024-07-09,Heating Oil,2.518616914678706
2024-07-10,Heating Oil,2.4654733719667745
2024-07-11,Heating Oil,2.40983199409209
2024-07-12,Heating Oil,2.42569242433237
2024-07-13,Heating Oil,2.511456927017354
2024-07-14,Heating Oil,2.4934339742118166
2024-07-15,Heating Oil,2.4425266800109195
2024-07-16,Heating Oil,2.4995548396898637
2024-07-17,Heating Oil,2.516842573861933
2024-07-18,Heating Oil,2.5402550870257246
2024-07-19,Heating Oil,2.5044470658985194
2024-07-20,Heating Oil,2.4853970402726064
2024-07-21,Heating Oil,2.4049682824024985
2024-07-22,Heating Oil,2.461911871751413
2024-07-23,Heating Oil,2.402164371461784
2024-07-24,Heating Oil,2.4100734626830507
2024-07-25,Heating Oil,2.452964012955004
2024-07-26,Heating Oil,2.477059977057153
2024-07-27,Heating Oil,2.501361745176584
2024-07-28,Heating Oil,2.5293367961366853
2024-07-29,Heating Oil,2.5227199667156395
2024-07-30,Heating Oil,2.529236455797554
2024-07-31,Heating Oil,2.5103651454891827
2024-08-01,Heating Oil,2.4673467403441434
2024-08-02,Heating Oil,2.439791586161119
2024-08-03,Heating Oil,2.389815784660701
2024-08-04,Heating Oil,2.4683879773786264
2024-08-05,Heating Oil,2.4627013802666298
2024-08-06,Heating Oil,2.4286448476626523
2024-08-07,Heating Oil,2.3574212638826126
2024-08-08,Heating Oil,2.393471749742651
2024-08-09,Heating Oil,2.436455230484885
2024-08-10,Heating Oil,2.455765149983416
2024-08-11,Heating Oil,2.4315905782544682
2024-08-12,Heating Oil,2.4762154968670997
2024-08-13,Heating Oil,2.4621333029161843
2024-08-14,Heating Oil,2.487518871529537
2024-08-15,Heating Oil,2.54708667289334
2024-08-16,Heating Oil,2.5502153540719816
2024-08-17,Heating Oil,2.5060284748908637
2024-08-18,Heating Oil,2.4814520831421567
2024-08-19,Heating Oil,2.5042094817225466
2024-08-20,Heating Oil,2.5112264484213043
2024-08-21,Heating Oil,2.525573154777116
2024-08-22,Heating Oil,2.537989854361744
2024-08-23,Heating Oil,2.487675924459325
2024-08-24,Heating Oil,2.5205803051885876
2024-08-25,Heating Oil,2.525200242438396
2024-08-26,Heating Oil,2.53352151933858
2024-08-27,Heating Oil,2.5094176512337825
2024-08-28,Heating Oil,2.4840878414722454
2024-08-29,Heating Oil,2.4662402791923426
2024-08-30,Heating Oil,2.456724378064532
2024-08-31,Heating Oil,2.3990209915489418
2024-09-01,Heating Oil,2.3428379995341584
2024-09-02,Heating Oil,2.3459016748651447
2024-09-03,Heating Oil,2.38453169933538
2024-09-04,Heating Oil,2.3628697243886694
2024-09-05,Heating Oil,2.299497292429714
2024-09-06,Heating Oil,2.278128027976989
2024-09-07,Heating Oil,2.275037089035865
2024-09-08,Heating Oil,2.2850418230835206
2024-09-09,Heating Oil,2.235396663466853
2024-09-10,Heating Oil,2.1721030515776927
2024-09-11,Heating Oil,2.190029869648804
2024-09-12,Heating Oil,2.18812377217106
2024-09-13,Heating Oil,2.2335921097183586
2024-09-14,Heating Oil,2.2685222768581506
2024-09-15,Heating Oil,2.277530763146738
2024-09-16,Heating Oil,2.13416321465979
2024-09-17,Heating Oil,2.1242471570404673
2024-09-18,Heating Oil,2.13613037661059
2024-09-19,Heating Oil,2.1266275303436593
2024-09-20,Heating Oil,2.160366890229343
2024-09-21,Heating Oil,2.137976631850881
2024-09-22,Heating Oil,2.141497329170482
2024-09-23,Heating Oil,2.159970936966031
2024-09-24,Heating Oil,2.1787759139370255
2024-09-25,Heating Oil,2.2065827898364443
2024-09-26,Heating Oil,2.167901781705371
2024-09-27,Heating Oil,2.178724046337892
2024-09-28,Heating Oil,2.1154524963488717
2024-09-29,Heating Oil,2.104864801794647
2024-09-30,Heating Oil,2.1534345425226724
2024-10-01,Heating Oil,2.159384769795229
2024-10-02,Heating Oil,2.158778783780327
2024-10-03,Heating Oil,2.1815923702806277
2024-10-04,Heating Oil,2.2177696099355377
2024-10-05,Heating Oil,2.214701128010959
2024-10-06,Heating Oil,2.208586421259224
2024-10-07,Heating Oil,2.178978981697276
2024-10-08,Heating Oil,2.2349200434626693
2024-10-09,Heating Oil,2.225366147397879
2024-10-10,Heating Oil,2.2740723076335105
2024-10-11,Heating Oil,2.3263471013833956
2024-10-12,Heating Oil,2.2927489386349644
2024-10-13,Heating Oil,2.358516091097521
2024-10-14,Heating Oil,2.2971910499873713
2024-10-15,Heating Oil,2.2588881815289947
2024-10-16,Heating Oil,2.2797850706401785
2024-10-17,Heating Oil,2.281914797384076
2024-10-18,Heating Oil,2.2967040477149028
2024-10-19,Heating Oil,2.3125994493828292
2024-10-20,Heating Oil,2.3494145033156077
2024-10-21,Heating Oil,2.318039763558597
2024-10-22,Heating Oil,2.3889923064491767
2024-10-23,Heating Oil,2.3756217038318304
2024-10-24,Heating Oil,2.433301461861644
2024-10-25,Heating Oil,2.4084486466903945
2024-10-26,Heating Oil,2.4382442776363384
2024-10-27,Heating Oil,2.473727901007692
2024-10-28,Heating Oil,2.4963351763975186
2024-10-29,Heating Oil,2.484219888340683
2024-10-30,Heating Oil,2.450496601312672
2024-10-31,Heating Oil,2.4634687151091623
2024-11-01,Heating Oil,2.492669690311304
2024-11-02,Heating Oil,2.5425586144432812
2024-11-03,Heating Oil,2.6123666549724174
2024-11-04,Heating Oil,2.621766690565899
2024-11-05,Heating Oil,2.594763288520296
2024-11-06,Heating Oil,2.64756648357382
2024-11-07,Heating Oil,2.690682193506862
2024-11-08,Heating Oil,2.760249923595481
2024-11-09,Heating Oil,2.792041719476165
2024-11-10,Heating Oil,2.7630508632168937
2024-11-11,Heating Oil,2.7443531621837067
2024-11-12,Heating Oil,2.749140712350424
2024-11-13,Heating Oil,2.7473393244241655
2024-11-14,Heating Oil,2.7249051717798434
2024-11-15,Heating Oil,2.7715152494074227
2024-11-16,Heating Oil,2.8751698248759037
2024-11-17,Heating Oil,2.826208504514349
2024-11-18,Heating Oil,2.87227735461242
2024-11-19,Heating Oil,2.912175372902844
2024-11-20,Heating Oil,3.004633205747007
2024-11-21,Heating Oil,2.994402426620033
2024-11-22,Heating Oil,3.1436410800311227
2024-11-23,Heating Oil,3.2393763990021855
2024-11-24,Heating Oil,3.4144106796528706
2024-11-25,Heating Oil,3.0439212335079397
2024-11-26,Heating Oil,2.9735650428336124
2024-11-27,Heating Oil,3.0405381452953866
2024-11-28,Heating Oil,3.0785764671756892
2024-11-29,Heating Oil,2.904501670685286
2024-11-30,Heating Oil,2.931177410459468
2024-12-01,Heating Oil,3.0212914742942574
2024-12-02,Heating Oil,3.103037107965687
2024-12-03,Heating Oil,3.1568026374105393
2024-12-04,Heating Oil,3.2581399408858043
2024-12-05,Heating Oil,3.3418249173493133
2024-12-06,Heating Oil,3.364784204429701
2024-12-07,Heating Oil,3.4057504007428747
2024-12-08,Heating Oil,3.312180245918578
2024-12-09,Heating Oil,3.264818241176527
2024-12-10,Heating Oil,3.3641760946902712
2024-12-11,Heating Oil,3.3525238714397427
2024-12-12,Heating Oil,3.1833281124688724
2024-12-13,Heating Oil,3.1660455440232105
2024-12-14,Heating Oil,3.1918661644071964
2024-12-15,Heating Oil,3.117129670112462
2024-12-16,Heating Oil,3.108370330140148
2024-12-17,Heating Oil,3.0901508693395927
2024-12-18,Heating Oil,3.0426467848303775
2024-12-19,Heating Oil,3.0906272099263017
2024-12-20,Heating Oil,3.2523501083789976
2024-12-21,Heating Oil,3.3149037150549296
2024-12-22,Heating Oil,3.35629004541313
2024-12-23,Heating Oil,3.2594648727723925
2024-12-24,Heating Oil,3.283820361754699
2024-12-25,Heating Oil,3.153518644368129
2024-12-26,Heating Oil,3.0850935857070545
2024-12-27,Heating Oil,3.1733625677722137
2024-12-28,Heating Oil,3.3583923820270827
2024-12-29,Heating Oil,3.4747985268684727
2024-12-30,Heating Oil,3.638992908887633
2024-12-31,Heating Oil,3.5314799336538876
2025-01-01,Heating Oil,3.4081212580358877
2025-01-02,Heating Oil,3.3206038143875527
2025-01-03,Heating Oil,3.384428930215064
2025-01-04,Heating Oil,3.3000099578809365
2025-01-05,Heating Oil,3.2879502612468228
2025-01-06,Heating Oil,3.2404939358765366
2025-01-07,Heating Oil,3.2380414719546593
2025-01-08,Heating Oil,3.2225310847114503
2025-01-09,Heating Oil,3.194010114966324
2025-01-10,Heating Oil,3.202784650388841
2025-01-11,Heating Oil,3.2033606762747873
2025-01-12,Heating Oil,3.1114458370781697
2025-01-13,Heating Oil,3.0776713012927903
2025-01-14,Heating Oil,3.1083109769775006
2025-01-15,Heating Oil,3.132760596418606
2025-01-16,Heating Oil,3.0789535294126953
2025-01-17,Heating Oil,3.110018742353495
2025-01-18,Heating Oil,3.070368314706641
2025-01-19,Heating Oil,3.0572662294214776
2025-01-20,Heating Oil,3.0500235090617704
2025-01-21,Heating Oil,3.098231713921001
2025-01-22,Heating Oil,3.1859938703618407
2025-01-23,Heating Oil,3.2068611937449947
2025-01-24,Heating Oil,3.250032430686235
2025-01-25,Heating Oil,3.2075394638437618
2025-01-26,Heating Oil,3.214240906245368
2025-01-27,Heating Oil,3.2577518511887313
2025-01-28,Heating Oil,3.3433470130008707
2025-01-29,Heating Oil,3.311038102788109
2025-01-30,Heating Oil,3.2723236329357968
2025-01-31,Heating Oil,3.2957368085719834
2025-02-01,Heating Oil,3.356999831840573
2025-02-02,Heating Oil,3.424512515805629
2025-02-03,Heating Oil,3.325609975710855
2025-02-04,Heating Oil,3.297030670402332
2025-02-05,Heating Oil,3.217886114012451
2025-02-06,Heating Oil,3.1888480848279435
2025-02-07,Heating Oil,3.1920805630117197
2025-02-08,Heating Oil,3.0953773785664356
2025-02-09,Heating Oil,3.072375511750475
2025-02-10,Heating Oil,3.023498631269133
2025-02-11,Heating Oil,2.9875165653273505
2025-02-12,Heating Oil,2.9407765156527965
2025-02-13,Heating Oil,2.8347479912476885
2025-02-14,Heating Oil,2.788869571971991
2025-02-15,Heating Oil,2.915744771468483
2025-02-16,Heating Oil,2.9492988205598025
2025-02-17,Heating Oil,3.016109320714487
2025-02-18,Heating Oil,2.96673061459983
2025-02-19,Heating Oil,2.9700662947618093
2025-02-20,Heating Oil,2.946363286959765
2025-02-21,Heating Oil,2.969640493543087
2025-02-22,Heating Oil,2.9315825455526547
2025-02-23,Heating Oil,2.8792260825657805
2025-02-24,Heating Oil,2.8731573890859634
2025-02-25,Heating Oil,2.852712463089175
2025-02-26,Heating Oil,2.847550792386774
2025-02-27,Heating Oil,2.862287687505936
2025-02-28,Heating Oil,2.895546675428213
2025-03-01,Heating Oil,2.928193860743849
2025-03-02,Heating Oil,2.966042857692475
2025-03-03,Heating Oil,2.910846605653731
2025-03-04,Heating Oil,2.8833014564326285
2025-03-05,Heating Oil,2.8608848970544125
2025-03-06,Heating Oil,2.874153660089335
2025-03-07,Heating Oil,2.8384371284199235
2025-03-08,Heating Oil,2.8281864878190572
2025-03-09,Heating Oil,2.7943670819764534
2025-03-10,Heating Oil,2.862683170911635
2025-03-11,Heating Oil,2.8902615309765114
2025-03-12,Heating Oil,2.916449421681421
2025-03-13,Heating Oil,3.000573795534959
2025-03-14,Heating Oil,3.003677020165561
2025-03-15,Heating Oil,3.0186318719068614
2025-03-16,Heating Oil,3.0529760501088776
2025-03-17,Heating Oil,3.064831336823664
2025-03-18,Heating Oil,3.0296711344078986
2025-03-19,Heating Oil,3.0445214231092512
2025-03-20,Heating Oil,3.107878931536614
2025-03-21,Heating Oil,3.1828463275489383
2025-03-22,Heating Oil,3.2009653942090517
2025-03-23,Heating Oil,3.268136185978114
2025-03-24,Heating Oil,3.2591321395121753
2025-03-25,Heating Oil,3.2009507920821263
2025-03-26,Heating Oil,3.145778585652453
2025-03-27,Heating Oil,3.0205083887179383
2025-03-28,Heating Oil,3.0483325067564655
2025-03-29,Heating Oil,3.0275469966246287
2025-03-30,Heating Oil,2.994901244572124
2025-03-31,Heating Oil,2.961232050080415
2025-04-01,Heating Oil,2.996153401682489
2025-04-02,Heating Oil,2.966350926308824
2025-04-03,Heating Oil,2.9981986664111937
2025-04-04,Heating Oil,2.90804125156142
2025-04-05,Heating Oil,2.7895909542846193
2025-04-06,Heating Oil,2.794136751773905
2025-04-07,Heating Oil,2.8620803822713636
2025-04-08,Heating Oil,2.8481505299475858
2025-04-09,Heating Oil,2.804687539274559
2025-04-10,Heating Oil,2.8716614141457333
2025-04-11,Heating Oil,2.838100893335587
2025-04-12,Heating Oil,2.7649255495535336
2025-04-13,Heating Oil,2.8213293892490054
2025-04-14,Heating Oil,2.8722934475353212
2025-04-15,Heating Oil,2.9002779099145606
2025-04-16,Heating Oil,2.9068971685645817
2025-04-17,Heating Oil,2.920541361096931
2025-04-18,Heating Oil,3.0221968643460517
2025-04-19,Heating Oil,3.0700560321875594
2025-04-20,Heating Oil,3.1062833228165667
2025-04-21,Heating Oil,3.159055760433709
2025-04-22,Heating Oil,3.1146812406217212
2025-04-23,Heating Oil,3.1336334279561124
2025-04-24,Heating Oil,3.100181405715967
2025-04-25,Heating Oil,3.1607265411569117
2025-04-26,Heating Oil,3.1250659153441007
2025-04-27,Heating Oil,3.1701187107720115
2025-04-28,Heating Oil,3.1890606186921633
2025-04-29,Heating Oil,3.169142325227191
2025-04-30,Heating Oil,3.136435724938081
2025-05-01,Heating Oil,3.1844835565342677
2025-05-02,Heating Oil,3.1831836174605956
2025-05-03,Heating Oil,3.1762458278890455
2025-05-04,Heating Oil,3.2676520197086076
2025-05-05,Heating Oil,3.317367483512277
2025-05-06,Heating Oil,3.4132905669616576
2025-05-07,Heating Oil,3.2430654029349433
2025-05-08,Heating Oil,3.017987047472645
2025-05-09,Heating Oil,3.0004586383205614
2025-05-10,Heating Oil,3.0484170368473515
2025-05-11,Heating Oil,3.0788147374068533
2025-05-12,Heating Oil,3.037208768742843
2025-05-13,Heating Oil,3.041220942211328
2025-05-14,Heating Oil,2.989776709882764
2025-05-15,Heating Oil,2.958972699248585
2025-05-16,Heating Oil,2.946175125025188
2025-05-17,Heating Oil,2.9477996896936673
2025-05-18,Heating Oil,2.974408044268499
2025-05-19,Heating Oil,2.928370418179632
2025-05-20,Heating Oil,2.893933123282225
2025-05-21,Heating Oil,2.8946833683057345
2025-05-22,Heating Oil,2.8934302411397197
2025-05-23,Heating Oil,2.88704285330466
2025-05-24,Heating Oil,2.849638072758613
2025-05-25,Heating Oil,2.799264170790904
2025-05-26,Heating Oil,2.7572817254296123
2025-05-27,Heating Oil,2.791441499106262
2025-05-28,Heating Oil,2.82280593291632
2025-05-29,Heating Oil,2.7897055176315253
2025-05-30,Heating Oil,2.765578003674442
2025-05-31,Heating Oil,2.7322055497316526
2025-06-01,Heating Oil,2.7021601967824957
2025-06-02,Heating Oil,2.6285340748018204
2025-06-03,Heating Oil,2.652909182715708
2025-06-04,Heating Oil,2.6070074946424047
2025-06-05,Heating Oil,2.681433669389193
2025-06-06,Heating Oil,2.7734330188754583
2025-06-07,Heating Oil,2.819553027964169
2025-06-08,Heating Oil,2.7773912858477376
2025-06-09,Heating Oil,2.718943937458712
2025-06-10,Heating Oil,2.6543868857181585
2025-06-11,Heating Oil,2.6617695213590102
2025-06-12,Heating Oil,2.708734070182656
2025-06-13,Heating Oil,2.736512955855511
2025-06-14,Heating Oil,2.7833619542520625
2025-06-15,Heating Oil,2.8594093007758077
2025-06-16,Heating Oil,2.8491958522859604
2025-06-17,Heating Oil,2.8412302508805936
2025-06-18,Heating Oil,2.9001365565080657
2025-06-19,Heating Oil,2.789982462778019
2025-06-20,Heating Oil,2.753293622762544
2025-06-21,Heating Oil,2.775973319118665
2025-06-22,Heating Oil,2.7903933365827718
2025-06-23,Heating Oil,2.7850992235137193
2025-06-24,Heating Oil,2.847944492418313
2024-06-25,Natural Gas,3.158224738420582
2024-06-26,Natural Gas,3.2266585067651063
2024-06-27,Natural Gas,3.065291330816878
2024-06-28,Natural Gas,3.1831278244646413
2024-06-29,Natural Gas,2.991179042908903
2024-06-30,Natural Gas,2.959183748031493
2024-07-01,Natural Gas,2.8534460819591745
2024-07-02,Natural Gas,3.001337045390946
2024-07-03,Natural Gas,2.8697501778541863
2024-07-04,Natural Gas,2.6852726824776885
2024-07-05,Natural Gas,2.5780084125426823
2024-07-06,Natural Gas,2.6957867833805063
2024-07-07,Natural Gas,2.375486459316477
2024-07-08,Natural Gas,2.3769741866410206
2024-07-09,Natural Gas,2.254841689979773
2024-07-10,Natural Gas,2.263408370528823
2024-07-11,Natural Gas,2.229132766185794
2024-07-12,Natural Gas,2.2138094142109024
2024-07-13,Natural Gas,2.2655916396567606
2024-07-14,Natural Gas,2.237256038624025
2024-07-15,Natural Gas,2.298971415813331
2024-07-16,Natural Gas,2.3268344659342883
2024-07-17,Natural Gas,2.260298056824605
2024-07-18,Natural Gas,2.4268534385104217
2024-07-19,Natural Gas,2.3693460856603856
2024-07-20,Natural Gas,2.338774255039887
2024-07-21,Natural Gas,2.195047628807499
2024-07-22,Natural Gas,2.1911718643152343
2024-07-23,Natural Gas,2.321134637311409
2024-07-24,Natural Gas,2.3833928107445885
2024-07-25,Natural Gas,2.5563755182055408
2024-07-26,Natural Gas,2.715612914814688
2024-07-27,Natural Gas,2.7883216166749216
2024-07-28,Natural Gas,2.7834300764316264
2024-07-29,Natural Gas,2.668024796885887
2024-07-30,Natural Gas,2.765105175897811
2024-07-31,Natural Gas,2.4132432416883067
2024-08-01,Natural Gas,2.4787266154525067
2024-08-02,Natural Gas,2.442317541463283
2024-08-03,Natural Gas,2.475253902384306
2024-08-04,Natural Gas,2.6204282788630664
2024-08-05,Natural Gas,2.8016249175877848
2024-08-06,Natural Gas,2.6625067576575563
2024-08-07,Natural Gas,2.7388246246375583
2024-08-08,Natural Gas,2.6775850465174575
2024-08-09,Natural Gas,2.5920143939445066
2024-08-10,Natural Gas,2.7223606908186238
2024-08-11,Natural Gas,2.5565419416391437
2024-08-12,Natural Gas,2.437421150090644
2024-08-13,Natural Gas,2.380352552271611
2024-08-14,Natural Gas,2.3041930590317072
2024-08-15,Natural Gas,2.296702468586357
2024-08-16,Natural Gas,2.2919759367192243
2024-08-17,Natural Gas,2.297326145283818
2024-08-18,Natural Gas,2.2274979381560973
2024-08-19,Natural Gas,2.116952115159262
2024-08-20,Natural Gas,2.068713052272164
2024-08-21,Natural Gas,2.137943740901555
2024-08-22,Natural Gas,2.1044160633485953
2024-08-23,Natural Gas,2.038451058178894
2024-08-24,Natural Gas,2.3830998001171784
2024-08-25,Natural Gas,2.380352901862195
2024-08-26,Natural Gas,2.4724928962602646
2024-08-27,Natural Gas,2.2459844695263245
2024-08-28,Natural Gas,2.1574840455835833
2024-08-29,Natural Gas,2.1468510891460983
2024-08-30,Natural Gas,2.3348001258911975
2024-08-31,Natural Gas,2.3094485154326643
2024-09-01,Natural Gas,2.3385587434757875
2024-09-02,Natural Gas,2.2679806750110756
2024-09-03,Natural Gas,2.2741279085266917
2024-09-04,Natural Gas,2.1508547462111185
2024-09-05,Natural Gas,1.9630341013649355
2024-09-06,Natural Gas,2.2021923961895373
2024-09-07,Natural Gas,2.078699473740685
2024-09-08,Natural Gas,2.0978032198538252
2024-09-09,Natural Gas,2.111739701342022
2024-09-10,Natural Gas,1.9281260400006421
2024-09-11,Natural Gas,1.9158518713298163
2024-09-12,Natural Gas,2.0142164773229077
2024-09-13,Natural Gas,1.9659433424590327
2024-09-14,Natural Gas,2.042617827119653
2024-09-15,Natural Gas,2.0241783916862555
2024-09-16,Natural Gas,2.1710099131542213
2024-09-17,Natural Gas,1.9750972154033222
2024-09-18,Natural Gas,1.9783797918808297
2024-09-19,Natural Gas,1.8346067636268466
2024-09-20,Natural Gas,1.7298943371874627
2024-09-21,Natural Gas,1.8997422123042327
2024-09-22,Natural Gas,1.666307338757384
2024-09-23,Natural Gas,1.5806626168684184
2024-09-24,Natural Gas,1.6137214314159438
2024-09-25,Natural Gas,1.667624413988063
2024-09-26,Natural Gas,1.6351657213560262
2024-09-27,Natural Gas,1.5244624345785978
2024-09-28,Natural Gas,1.605938949142307
2024-09-29,Natural Gas,1.5734221557002261
2024-09-30,Natural Gas,1.478734099273106
2024-10-01,Natural Gas,1.4495816959000631
2024-10-02,Natural Gas,1.60154239341753
2024-10-03,Natural Gas,1.608373970432273
2024-10-04,Natural Gas,1.6731951127935825
2024-10-05,Natural Gas,1.5943896980634853
2024-10-06,Natural Gas,1.6487951380666859
2024-10-07,Natural Gas,1.656281205902201
2024-10-08,Natural Gas,1.680037938369441
2024-10-09,Natural Gas,1.5048168699260018
2024-10-10,Natural Gas,1.6949539096443007
2024-10-11,Natural Gas,1.7965792801256262
2024-10-12,Natural Gas,1.663588854812947
2024-10-13,Natural Gas,1.7826478555454974
2024-10-14,Natural Gas,1.7590820119818806
2024-10-15,Natural Gas,1.8691256772737084
2024-10-16,Natural Gas,2.019041554965762
2024-10-17,Natural Gas,2.049093916672174
2024-10-18,Natural Gas,2.217882187467695
2024-10-19,Natural Gas,2.0626810553346946
2024-10-20,Natural Gas,2.1082577949768533
2024-10-21,Natural Gas,2.0505394727265633
2024-10-22,Natural Gas,1.9304575365753383
2024-10-23,Natural Gas,1.7966304066388123
2024-10-24,Natural Gas,1.8605658531571392
2024-10-25,Natural Gas,1.9107857625634252
2024-10-26,Natural Gas,1.9644465498452823
2024-10-27,Natural Gas,2.014100420445956
2024-10-28,Natural Gas,2.751816938204585
2024-10-29,Natural Gas,2.1071876036603885
2024-10-30,Natural Gas,2.2331313157093238
2024-10-31,Natural Gas,2.2308328581239394
2024-11-01,Natural Gas,2.505731241951704
2024-11-02,Natural Gas,2.362705659259967
2024-11-03,Natural Gas,2.210391111210044
2024-11-04,Natural Gas,2.0600260547395677
2024-11-05,Natural Gas,2.1184309927144187
2024-11-06,Natural Gas,1.9952222235836907
2024-11-07,Natural Gas,1.8620175742244514
2024-11-08,Natural Gas,1.9410078194105784
2024-11-09,Natural Gas,2.034203588562939
2024-11-10,Natural Gas,2.025264892770787
2024-11-11,Natural Gas,2.146064306482794
2024-11-12,Natural Gas,2.0538760633241013
2024-11-13,Natural Gas,2.0927367666713668
2024-11-14,Natural Gas,2.1880730143467675
2024-11-15,Natural Gas,2.245225427179167
2024-11-16,Natural Gas,2.3533958888669484
2024-11-17,Natural Gas,2.200851691712972
2024-11-18,Natural Gas,2.1642409303440617
2024-11-19,Natural Gas,2.2061885294753236
2024-11-20,Natural Gas,2.2008700714981506
2024-11-21,Natural Gas,2.1177703087543773
2024-11-22,Natural Gas,2.2578694161559056
2024-11-23,Natural Gas,2.2014613716395894
2024-11-24,Natural Gas,2.129419439543364
2024-11-25,Natural Gas,2.0746508230209373
2024-11-26,Natural Gas,2.0578186493878974
2024-11-27,Natural Gas,2.22224744426802
2024-11-28,Natural Gas,2.1858398080266626
2024-11-29,Natural Gas,2.152733315703833
2024-11-30,Natural Gas,2.189865745619996
2024-12-01,Natural Gas,2.4634312678816057
2024-12-02,Natural Gas,2.3750042103694287
2024-12-03,Natural Gas,2.399770634969223
2024-12-04,Natural Gas,2.4069979902980307
2024-12-05,Natural Gas,2.402992603887775
2024-12-06,Natural Gas,2.5385084894134766
2024-12-07,Natural Gas,2.6181801868741656
2024-12-08,Natural Gas,2.55750689317276
2024-12-09,Natural Gas,2.599245814203243
2024-12-10,Natural Gas,2.6464142327542497
2024-12-11,Natural Gas,2.7376454438263744
2024-12-12,Natural Gas,2.7485071512497354
2024-12-13,Natural Gas,2.7908952124063426
2024-12-14,Natural Gas,2.971923302265989
2024-12-15,Natural Gas,2.8897755959554803
2024-12-16,Natural Gas,2.969851061506781
2024-12-17,Natural Gas,2.952668411228011
2024-12-18,Natural Gas,3.1042890919684343
2024-12-19,Natural Gas,3.1920309261233295
2024-12-20,Natural Gas,3.395217585924276
2024-12-21,Natural Gas,3.627348919711347
2024-12-22,Natural Gas,3.7897575382478026
2024-12-23,Natural Gas,3.4649001863813362
2024-12-24,Natural Gas,3.4249988346119133
2024-12-25,Natural Gas,3.478728848276166
2024-12-26,Natural Gas,3.4294992623309053
2024-12-27,Natural Gas,3.6110024776716467
2024-12-28,Natural Gas,3.7026110095212297
2024-12-29,Natural Gas,3.874435800069827
2024-12-30,Natural Gas,3.7390702494554358
2024-12-31,Natural Gas,3.827481122043948
2025-01-01,Natural Gas,3.846817991801055
2025-01-02,Natural Gas,3.963335455655387
2025-01-03,Natural Gas,4.101279735943201
2025-01-04,Natural Gas,4.225384445577308
2025-01-05,Natural Gas,3.876282468042478
2025-01-06,Natural Gas,3.4385314275746217
2025-01-07,Natural Gas,3.6123660398346784
2025-01-08,Natural Gas,3.7957385012215394
2025-01-09,Natural Gas,3.86433317416231
2025-01-10,Natural Gas,3.9489494179834526
2025-01-11,Natural Gas,4.004982898215397
2025-01-12,Natural Gas,4.2271034165349155
2025-01-13,Natural Gas,4.386380713751069
2025-01-14,Natural Gas,4.281174241378101
2025-01-15,Natural Gas,4.195623528221885
2025-01-16,Natural Gas,4.486887554822086
2025-01-17,Natural Gas,4.370761125831585
2025-01-18,Natural Gas,4.367921375319668
2025-01-19,Natural Gas,4.330214848409065
2025-01-20,Natural Gas,4.198397850125583
2025-01-21,Natural Gas,3.9487212722406504
2025-01-22,Natural Gas,4.320059832901626
2025-01-23,Natural Gas,4.176546509491349
2025-01-24,Natural Gas,4.220166894305792
2025-01-25,Natural Gas,4.5106571618088225
2025-01-26,Natural Gas,4.437900576529259
2025-01-27,Natural Gas,4.163806460748961
2025-01-28,Natural Gas,4.220806620053637
2025-01-29,Natural Gas,4.254715973485008
2025-01-30,Natural Gas,4.1739280130528025
2025-01-31,Natural Gas,3.5888718875081977
2025-02-01,Natural Gas,3.6523049085889205
2025-02-02,Natural Gas,3.642720744330605
2025-02-03,Natural Gas,3.507614535568756
2025-02-04,Natural Gas,3.4404473535017486
2025-02-05,Natural Gas,3.5156923800630078
2025-02-06,Natural Gas,3.190314218191073
2025-02-07,Natural Gas,3.1917715373787146
2025-02-08,Natural Gas,3.20763996752739
2025-02-09,Natural Gas,3.2355933615307424
2025-02-10,Natural Gas,3.235167536226826
2025-02-11,Natural Gas,2.6946951435593194
2025-02-12,Natural Gas,2.7437504200705893
2025-02-13,Natural Gas,2.66690789262009
2025-02-14,Natural Gas,2.6968416726494944
2025-02-15,Natural Gas,3.09177990065691
2025-02-16,Natural Gas,3.004822231374698
2025-02-17,Natural Gas,3.1649425406291485
2025-02-18,Natural Gas,3.0041681510317346
2025-02-19,Natural Gas,3.3182441305245343
2025-02-20,Natural Gas,3.344768581230976
2025-02-21,Natural Gas,3.4686200926487833
2025-02-22,Natural Gas,3.683844628708573
2025-02-23,Natural Gas,3.587998637572806
2025-02-24,Natural Gas,3.855470649166003
2025-02-25,Natural Gas,3.8802116783712406
2025-02-26,Natural Gas,4.0857093081285365
2025-02-27,Natural Gas,4.372165240161015
2025-02-28,Natural Gas,4.5173289707673305
2025-03-01,Natural Gas,4.460509576375579
2025-03-02,Natural Gas,4.405835811414825
2025-03-03,Natural Gas,4.367032734887067
2025-03-04,Natural Gas,4.382200650965184
2025-03-05,Natural Gas,4.327676843296483
2025-03-06,Natural Gas,4.264976481326715
2025-03-07,Natural Gas,4.162697678238548
2025-03-08,Natural Gas,4.0350139085903125
2025-03-09,Natural Gas,3.730996071379421
2025-03-10,Natural Gas,3.7687488776907814
2025-03-11,Natural Gas,3.953146972971088
2025-03-12,Natural Gas,4.355664624347612
2025-03-13,Natural Gas,4.283186644938832
2025-03-14,Natural Gas,4.360002820527626
2025-03-15,Natural Gas,4.4547368103710125
2025-03-16,Natural Gas,4.160603939979691
2025-03-17,Natural Gas,4.149062737535806
2025-03-18,Natural Gas,4.1580284872364714
2025-03-19,Natural Gas,4.365434614689135
2025-03-20,Natural Gas,4.165918648344377
2025-03-21,Natural Gas,4.162653285402309
2025-03-22,Natural Gas,4.162150985318685
2025-03-23,Natural Gas,4.099768529899315
2025-03-24,Natural Gas,4.07531759227048
2025-03-25,Natural Gas,3.930516419921879
2025-03-26,Natural Gas,3.92556902887322
2025-03-27,Natural Gas,3.9334129573563383
2025-03-28,Natural Gas,3.7318926226487643
2025-03-29,Natural Gas,3.5065464570434375
2025-03-30,Natural Gas,3.367736991148756
2025-03-31,Natural Gas,3.5303181402818655
2025-04-01,Natural Gas,3.5293986578415026
2025-04-02,Natural Gas,3.590568102396936
2025-04-03,Natural Gas,3.637799825336433
2025-04-04,Natural Gas,3.9115303645236064
2025-04-05,Natural Gas,3.752165364541301
2025-04-06,Natural Gas,3.529206470811662
2025-04-07,Natural Gas,3.5124769137520255
2025-04-08,Natural Gas,3.561006778599852
2025-04-09,Natural Gas,3.6166480525633276
2025-04-10,Natural Gas,3.335973618646517
2025-04-11,Natural Gas,3.1581590889183526
2025-04-12,Natural Gas,3.1965411952536287
2025-04-13,Natural Gas,3.0636845649305875
2025-04-14,Natural Gas,3.1265598704381303
2025-04-15,Natural Gas,3.074404675237483
2025-04-16,Natural Gas,3.141774985575757
2025-04-17,Natural Gas,2.9839218824474285
2025-04-18,Natural Gas,3.144918716575126
2025-04-19,Natural Gas,3.222144033486962
2025-04-20,Natural Gas,3.2327069550824614
2025-04-21,Natural Gas,3.1589497104006163
2025-04-22,Natural Gas,3.0369524288231107
2025-04-23,Natural Gas,3.07276697989498
2025-04-24,Natural Gas,2.9986538515935512
2025-04-25,Natural Gas,3.2163786846006155
2025-04-26,Natural Gas,3.1197754540120037
2025-04-27,Natural Gas,2.983770394654046
2025-04-28,Natural Gas,2.9062451372265214
2025-04-29,Natural Gas,2.7757654173538104
2025-04-30,Natural Gas,2.7610802797775333
2025-05-01,Natural Gas,2.615708372029029
2025-05-02,Natural Gas,2.754684094004696
2025-05-03,Natural Gas,2.9277790645626305
2025-05-04,Natural Gas,2.9670257378557365
2025-05-05,Natural Gas,2.7206018351884578
2025-05-06,Natural Gas,2.9282229050309345
2025-05-07,Natural Gas,3.1428789874132574
2025-05-08,Natural Gas,2.9180013165414067
2025-05-09,Natural Gas,3.131530777426296
2025-05-10,Natural Gas,3.0599025741366632
2025-05-11,Natural Gas,3.2396383589464297
2025-05-12,Natural Gas,3.484953509141604
2025-05-13,Natural Gas,3.175511234911966
2025-05-14,Natural Gas,3.0368205961797665
2025-05-15,Natural Gas,3.167525566257441
2025-05-16,Natural Gas,3.0018338997764356
2025-05-17,Natural Gas,3.2893958637605953
2025-05-18,Natural Gas,3.323921148827266
2025-05-19,Natural Gas,3.3840024339670425
2025-05-20,Natural Gas,3.520194234626332
2025-05-21,Natural Gas,3.5810076624205927
2025-05-22,Natural Gas,3.837079429906658
2025-05-23,Natural Gas,3.8564791562890814
2025-05-24,Natural Gas,4.041038860064771
2025-05-25,Natural Gas,4.01009334425612
2025-05-26,Natural Gas,3.8588050059051024
2025-05-27,Natural Gas,4.129822566922681
2025-05-28,Natural Gas,4.039933291989118
2025-05-29,Natural Gas,4.011375875539425
2025-05-30,Natural Gas,3.886899307603801
2025-05-31,Natural Gas,3.7130001486295185
2025-06-01,Natural Gas,3.773841893593778
2025-06-02,Natural Gas,3.8620243007623123
2025-06-03,Natural Gas,4.074716241254384
2025-06-04,Natural Gas,4.0849403580240375
2025-06-05,Natural Gas,4.143997966690971
2025-06-06,Natural Gas,4.329734625398643
2025-06-07,Natural Gas,4.061073408494769
2025-06-08,Natural Gas,4.323149216481539
2025-06-09,Natural Gas,4.2059136464949365
2025-06-10,Natural Gas,4.000870145446365
2025-06-11,Natural Gas,3.7536702647073765
2025-06-12,Natural Gas,3.858692208801557
2025-06-13,Natural Gas,3.7494012369518073
2025-06-14,Natural Gas,3.8368991012928966
2025-06-15,Natural Gas,3.9217097330519977
2025-06-16,Natural Gas,3.866252046268405
2025-06-17,Natural Gas,3.785036419293491
2025-06-18,Natural Gas,3.7246889917456945
2025-06-19,Natural Gas,3.509895050232948
2025-06-20,Natural Gas,3.5395527059395904
2025-06-21,Natural Gas,3.4395008531664475
2025-06-22,Natural Gas,3.315628923830344
2025-06-23,Natural Gas,3.386072646928075
2025-06-24,Natural Gas,3.3417947003102277
2024-06-25,RBOB Gasoline,2.6349718993221702
2024-06-26,RBOB Gasoline,2.6200066636312522
2024-06-27,RBOB Gasoline,2.6473036441421858
2024-06-28,RBOB Gasoline,2.6338746691061057
2024-06-29,RBOB Gasoline,2.619379138877788
2024-06-30,RBOB Gasoline,2.6324235512824696
2024-07-01,RBOB Gasoline,2.6445974485020423
2024-07-02,RBOB Gasoline,2.6838094923216778
2024-07-03,RBOB Gasoline,2.6839910737235786
2024-07-04,RBOB Gasoline,2.6301224411454873
2024-07-05,RBOB Gasoline,2.6327396201480893
2024-07-06,RBOB Gasoline,2.5834492108295963
2024-07-07,RBOB Gasoline,2.489592190989317
2024-07-08,RBOB Gasoline,2.4686558624524495
2024-07-09,RBOB Gasoline,2.3860255078931276
2024-07-10,RBOB Gasoline,2.352170958509812
2024-07-11,RBOB Gasoline,2.2688461816682177
2024-07-12,RBOB Gasoline,2.325515965550977
2024-07-13,RBOB Gasoline,2.384026201102967
2024-07-14,RBOB Gasoline,2.373528876818557
2024-07-15,RBOB Gasoline,2.358427801088644
2024-07-16,RBOB Gasoline,2.412079973364262
2024-07-17,RBOB Gasoline,2.4038671171208725
2024-07-18,RBOB Gasoline,2.2788301599324923
2024-07-19,RBOB Gasoline,2.3076155885477685
2024-07-20,RBOB Gasoline,2.2825897849185686
2024-07-21,RBOB Gasoline,2.257576663446866
2024-07-22,RBOB Gasoline,2.261816260929164
2024-07-23,RBOB Gasoline,2.20199319414088
2024-07-24,RBOB Gasoline,2.240492168386058
2024-07-25,RBOB Gasoline,2.220913954842553
2024-07-26,RBOB Gasoline,2.248068127178992
2024-07-27,RBOB Gasoline,2.2962085573973616
2024-07-28,RBOB Gasoline,2.429253736967747
2024-07-29,RBOB Gasoline,2.42941152492961
2024-07-30,RBOB Gasoline,2.4371324216014116
2024-07-31,RBOB Gasoline,2.45760891604367
2024-08-01,RBOB Gasoline,2.403780730232377
2024-08-02,RBOB Gasoline,2.414946961565777
2024-08-03,RBOB Gasoline,2.360443195601848
2024-08-04,RBOB Gasoline,2.395433656121157
2024-08-05,RBOB Gasoline,2.3545089665939902
2024-08-06,RBOB Gasoline,2.3290815366978594
2024-08-07,RBOB Gasoline,2.2458736136534783
2024-08-08,RBOB Gasoline,2.294488441100286
2024-08-09,RBOB Gasoline,2.3141323020951643
2024-08-10,RBOB Gasoline,2.3573696241059467
2024-08-11,RBOB Gasoline,2.3358025040588366
2024-08-12,RBOB Gasoline,2.3810149756854075
2024-08-13,RBOB Gasoline,2.4124627048898035
2024-08-14,RBOB Gasoline,2.3942263366935834
2024-08-15,RBOB Gasoline,2.471142345544676
2024-08-16,RBOB Gasoline,2.5022276268038643
2024-08-17,RBOB Gasoline,2.490779824253316
2024-08-18,RBOB Gasoline,2.503281722448222
2024-08-19,RBOB Gasoline,2.532601685222699
2024-08-20,RBOB Gasoline,2.5696990585496495
2024-08-21,RBOB Gasoline,2.5670547323586277
2024-08-22,RBOB Gasoline,2.599465847276148
2024-08-23,RBOB Gasoline,2.5814192612033042
2024-08-24,RBOB Gasoline,2.5989052177421104
2024-08-25,RBOB Gasoline,2.645668325341718
2024-08-26,RBOB Gasoline,2.627555852767334
2024-08-27,RBOB Gasoline,2.595626847713211
2024-08-28,RBOB Gasoline,2.605403311142306
2024-08-29,RBOB Gasoline,2.539252238592403
2024-08-30,RBOB Gasoline,2.5375972658308643
2024-08-31,RBOB Gasoline,2.424132190215202
2024-09-01,RBOB Gasoline,2.3569708159458025
2024-09-02,RBOB Gasoline,2.371405386980618
2024-09-03,RBOB Gasoline,2.39483550509483
2024-09-04,RBOB Gasoline,2.3972110722776976
2024-09-05,RBOB Gasoline,2.3480484630988547
2024-09-06,RBOB Gasoline,2.341880106528842
2024-09-07,RBOB Gasoline,2.369183547727621
2024-09-08,RBOB Gasoline,2.366144128852623
2024-09-09,RBOB Gasoline,2.297993000766536
2024-09-10,RBOB Gasoline,2.191752625549223
2024-09-11,RBOB Gasoline,2.199029478313787
2024-09-12,RBOB Gasoline,2.1832350136801875
2024-09-13,RBOB Gasoline,2.248026456435057
2024-09-14,RBOB Gasoline,2.293984491436436
2024-09-15,RBOB Gasoline,2.3051315522728197
2024-09-16,RBOB Gasoline,2.168463162219399
2024-09-17,RBOB Gasoline,2.1719401992348435
2024-09-18,RBOB Gasoline,2.1647086471570973
2024-09-19,RBOB Gasoline,2.151007033207307
2024-09-20,RBOB Gasoline,2.2040669678699776
2024-09-21,RBOB Gasoline,2.180568040824495
2024-09-22,RBOB Gasoline,2.2239660831674932
2024-09-23,RBOB Gasoline,2.2855961230753032
2024-09-24,RBOB Gasoline,2.3180463782598633
2024-09-25,RBOB Gasoline,2.344470821442808
2024-09-26,RBOB Gasoline,2.3208504775306613
2024-09-27,RBOB Gasoline,2.337173380992737
2024-09-28,RBOB Gasoline,2.261640842592571
2024-09-29,RBOB Gasoline,2.252150323783369
2024-09-30,RBOB Gasoline,2.192684483221521
2024-10-01,RBOB Gasoline,2.200334109266614
2024-10-02,RBOB Gasoline,2.2161502198998884
2024-10-03,RBOB Gasoline,2.2605955725036324
2024-10-04,RBOB Gasoline,2.30464993230036
2024-10-05,RBOB Gasoline,2.2941473021246512
2024-10-06,RBOB Gasoline,2.292188819775776
2024-10-07,RBOB Gasoline,2.2229119625180394
2024-10-08,RBOB Gasoline,2.2774114878859746
2024-10-09,RBOB Gasoline,2.2890687228381013
2024-10-10,RBOB Gasoline,2.316179927520914
2024-10-11,RBOB Gasoline,2.3437544330900533
2024-10-12,RBOB Gasoline,2.3018202149849825
2024-10-13,RBOB Gasoline,2.3022808844698956
2024-10-14,RBOB Gasoline,2.231450461796875
2024-10-15,RBOB Gasoline,2.2420476044413125
2024-10-16,RBOB Gasoline,2.257605118250335
2024-10-17,RBOB Gasoline,2.2704541103712796
2024-10-18,RBOB Gasoline,2.338839116384255
2024-10-19,RBOB Gasoline,2.3459291805905145
2024-10-20,RBOB Gasoline,2.3760990633496077
2024-10-21,RBOB Gasoline,2.2720907839502464
2024-10-22,RBOB Gasoline,2.314073610560418
2024-10-23,RBOB Gasoline,2.3386344629759557
2024-10-24,RBOB Gasoline,2.349230741353219
2024-10-25,RBOB Gasoline,2.3234139638396902
2024-10-26,RBOB Gasoline,2.378812955165456
2024-10-27,RBOB Gasoline,2.4318745246887667
2024-10-28,RBOB Gasoline,2.4386647662297634
2024-10-29,RBOB Gasoline,2.426998236408246
2024-10-30,RBOB Gasoline,2.430908230776168
2024-10-31,RBOB Gasoline,2.4780536034950735
2024-11-01,RBOB Gasoline,2.5058267521410067
2024-11-02,RBOB Gasoline,2.5507070373316134
2024-11-03,RBOB Gasoline,2.6102880700500615
2024-11-04,RBOB Gasoline,2.6700604819517046
2024-11-05,RBOB Gasoline,2.6072264425473013
2024-11-06,RBOB Gasoline,2.654972281700599
2024-11-07,RBOB Gasoline,2.677295092593055
2024-11-08,RBOB Gasoline,2.7070927302932115
2024-11-09,RBOB Gasoline,2.6998608717663486
2024-11-10,RBOB Gasoline,2.616609021830047
2024-11-11,RBOB Gasoline,2.5536075520758343
2024-11-12,RBOB Gasoline,2.5329955248253677
2024-11-13,RBOB Gasoline,2.5649977272130866
2024-11-14,RBOB Gasoline,2.589400192099247
2024-11-15,RBOB Gasoline,2.615778045489039
2024-11-16,RBOB Gasoline,2.6855082099395053
2024-11-17,RBOB Gasoline,2.659733201626633
2024-11-18,RBOB Gasoline,2.7322455954522744
2024-11-19,RBOB Gasoline,2.814947575483309
2024-11-20,RBOB Gasoline,2.859822826163892
2024-11-21,RBOB Gasoline,2.849354607040081
2024-11-22,RBOB Gasoline,2.9209167391052517
2024-11-23,RBOB Gasoline,2.932516511345637
2024-11-24,RBOB Gasoline,2.9463169828728253
2024-11-25,RBOB Gasoline,2.8027687247219086
2024-11-26,RBOB Gasoline,2.751397048608033
2024-11-27,RBOB Gasoline,2.8218359057547557
2024-11-28,RBOB Gasoline,2.8163974504972353
2024-11-29,RBOB Gasoline,2.6840798094728466
2024-11-30,RBOB Gasoline,2.6742892388669888
2024-12-01,RBOB Gasoline,2.7888329185935565
2024-12-02,RBOB Gasoline,2.779799489561871
2024-12-03,RBOB Gasoline,2.7206010343945444
2024-12-04,RBOB Gasoline,2.704249607547644
2024-12-05,RBOB Gasoline,2.7604033561138674
2024-12-06,RBOB Gasoline,2.7554727994562986
2024-12-07,RBOB Gasoline,2.8100758675646285
2024-12-08,RBOB Gasoline,2.7516895654105133
2024-12-09,RBOB Gasoline,2.748748248650766
2024-12-10,RBOB Gasoline,2.8048669297001725
2024-12-11,RBOB Gasoline,2.7684723300860483
2024-12-12,RBOB Gasoline,2.7302112657309308
2024-12-13,RBOB Gasoline,2.732547162807832
2024-12-14,RBOB Gasoline,2.6991921883010783
2024-12-15,RBOB Gasoline,2.6306783987426123
2024-12-16,RBOB Gasoline,2.623131705397602
2024-12-17,RBOB Gasoline,2.6255374261630795
2024-12-18,RBOB Gasoline,2.5610558621184785
2024-12-19,RBOB Gasoline,2.6250220945856118
2024-12-20,RBOB Gasoline,2.707908102549594
2024-12-21,RBOB Gasoline,2.6869789818683896
2024-12-22,RBOB Gasoline,2.6473104882657235
2024-12-23,RBOB Gasoline,2.579435459587985
2024-12-24,RBOB Gasoline,2.57287946471216
2024-12-25,RBOB Gasoline,2.50763150702384
2024-12-26,RBOB Gasoline,2.495698800906306
2024-12-27,RBOB Gasoline,2.4812289777156122
2024-12-28,RBOB Gasoline,2.544880291146548
2024-12-29,RBOB Gasoline,2.6037730177377294
2024-12-30,RBOB Gasoline,2.5842692225520794
2024-12-31,RBOB Gasoline,2.5453744186822664
2025-01-01,RBOB Gasoline,2.6221744359979424
2025-01-02,RBOB Gasoline,2.6238585488886104
2025-01-03,RBOB Gasoline,2.691213634517496
2025-01-04,RBOB Gasoline,2.7368062134911546
2025-01-05,RBOB Gasoline,2.7855038371679246
2025-01-06,RBOB Gasoline,2.759986900102852
2025-01-07,RBOB Gasoline,2.7000224980851932
2025-01-08,RBOB Gasoline,2.727337217189793
2025-01-09,RBOB Gasoline,2.769537223174565
2025-01-10,RBOB Gasoline,2.8077445064527033
2025-01-11,RBOB Gasoline,2.8667235921841625
2025-01-12,RBOB Gasoline,2.781585123725112
2025-01-13,RBOB Gasoline,2.6952524744316553
2025-01-14,RBOB Gasoline,2.7139395054486743
2025-01-15,RBOB Gasoline,2.7565132166712027
2025-01-16,RBOB Gasoline,2.71408777480561
2025-01-17,RBOB Gasoline,2.745464976365463
2025-01-18,RBOB Gasoline,2.7083895936971345
2025-01-19,RBOB Gasoline,2.7003587276136347
2025-01-20,RBOB Gasoline,2.7743144071632004
2025-01-21,RBOB Gasoline,2.8279697177472927
2025-01-22,RBOB Gasoline,2.8677592743073004
2025-01-23,RBOB Gasoline,2.898799919065329
2025-01-24,RBOB Gasoline,2.9016056877316925
2025-01-25,RBOB Gasoline,2.8159630233225577
2025-01-26,RBOB Gasoline,2.8612422416972523
2025-01-27,RBOB Gasoline,2.913860260382358
2025-01-28,RBOB Gasoline,2.9418099913942464
2025-01-29,RBOB Gasoline,2.9047651694784853
2025-01-30,RBOB Gasoline,2.848743517258067
2025-01-31,RBOB Gasoline,2.802485450354503
2025-02-01,RBOB Gasoline,2.766223408456143
2025-02-02,RBOB Gasoline,2.8386156507563065
2025-02-03,RBOB Gasoline,2.813010113625551
2025-02-04,RBOB Gasoline,2.7706135863104002
2025-02-05,RBOB Gasoline,2.751818403669337
2025-02-06,RBOB Gasoline,2.7236692566259912
2025-02-07,RBOB Gasoline,2.7669370399317783
2025-02-08,RBOB Gasoline,2.694412701590603
2025-02-09,RBOB Gasoline,2.7174062008904127
2025-02-10,RBOB Gasoline,2.701480027560007
2025-02-11,RBOB Gasoline,2.6251166296827755
2025-02-12,RBOB Gasoline,2.6006650495490296
2025-02-13,RBOB Gasoline,2.4880401588647194
2025-02-14,RBOB Gasoline,2.5153834494387146
2025-02-15,RBOB Gasoline,2.5844273052762943
2025-02-16,RBOB Gasoline,2.609948848082344
2025-02-17,RBOB Gasoline,2.637558965967687
2025-02-18,RBOB Gasoline,2.5679305939530725
2025-02-19,RBOB Gasoline,2.5403930416427265
2025-02-20,RBOB Gasoline,2.50405534460058
2025-02-21,RBOB Gasoline,2.5286343225520875
2025-02-22,RBOB Gasoline,2.5539318450782678
2025-02-23,RBOB Gasoline,2.5277890835389276
2025-02-24,RBOB Gasoline,2.5250086331185444
2025-02-25,RBOB Gasoline,2.470326413771894
2025-02-26,RBOB Gasoline,2.5357262001396945
2025-02-27,RBOB Gasoline,2.565963188405633
2025-02-28,RBOB Gasoline,2.550426202174675
2025-03-01,RBOB Gasoline,2.5359468932401836
2025-03-02,RBOB Gasoline,2.5902554942492055
2025-03-03,RBOB Gasoline,2.595216404271664
2025-03-04,RBOB Gasoline,2.4369113926615644
2025-03-05,RBOB Gasoline,2.473201196339978
2025-03-06,RBOB Gasoline,2.4183912866414774
2025-03-07,RBOB Gasoline,2.378770027927836
2025-03-08,RBOB Gasoline,2.4435906953438065
2025-03-09,RBOB Gasoline,2.4417657370200483
2025-03-10,RBOB Gasoline,2.507911392740524
2025-03-11,RBOB Gasoline,2.5463976517258913
2025-03-12,RBOB Gasoline,2.5493775999533748
2025-03-13,RBOB Gasoline,2.5695614535327604
2025-03-14,RBOB Gasoline,2.553509343562962
2025-03-15,RBOB Gasoline,2.498724707922239
2025-03-16,RBOB Gasoline,2.53178024063128
2025-03-17,RBOB Gasoline,2.518344325597909
2025-03-18,RBOB Gasoline,2.5340137347460443
2025-03-19,RBOB Gasoline,2.472572253303296
2025-03-20,RBOB Gasoline,2.5224617774995335
2025-03-21,RBOB Gasoline,2.4668050108540376
2025-03-22,RBOB Gasoline,2.4987018868310633
2025-03-23,RBOB Gasoline,2.5543284651029032
2025-03-24,RBOB Gasoline,2.550270523243714
2025-03-25,RBOB Gasoline,2.496249280905822
2025-03-26,RBOB Gasoline,2.47857749908249
2025-03-27,RBOB Gasoline,2.3315665509412717
2025-03-28,RBOB Gasoline,2.377290255515728
2025-03-29,RBOB Gasoline,2.359449390528496
2025-03-30,RBOB Gasoline,2.2883932073372155
2025-03-31,RBOB Gasoline,2.3104183534612264
2025-04-01,RBOB Gasoline,2.3765636068225007
2025-04-02,RBOB Gasoline,2.3432487665007735
2025-04-03,RBOB Gasoline,2.382896781478306
2025-04-04,RBOB Gasoline,2.4065797718003554
2025-04-05,RBOB Gasoline,2.3223235415581036
2025-04-06,RBOB Gasoline,2.3329925447727398
2025-04-07,RBOB Gasoline,2.5480671967201927
2025-04-08,RBOB Gasoline,2.5190080677339357
2025-04-09,RBOB Gasoline,2.4953711278306048
2025-04-10,RBOB Gasoline,2.5200648532663004
2025-04-11,RBOB Gasoline,2.4784222916091156
2025-04-12,RBOB Gasoline,2.4628187396925427
2025-04-13,RBOB Gasoline,2.5350751097950828
2025-04-14,RBOB Gasoline,2.572708506473313
2025-04-15,RBOB Gasoline,2.5949111546708887
2025-04-16,RBOB Gasoline,2.6159285620949153
2025-04-17,RBOB Gasoline,2.6397921236422595
2025-04-18,RBOB Gasoline,2.726509518592069
2025-04-19,RBOB Gasoline,2.7233028935551156
2025-04-20,RBOB Gasoline,2.7177966718663487
2025-04-21,RBOB Gasoline,2.744309430169112
2025-04-22,RBOB Gasoline,2.713867692522467
2025-04-23,RBOB Gasoline,2.7185756246954407
2025-04-24,RBOB Gasoline,2.690152403645004
2025-04-25,RBOB Gasoline,2.715494751569776
2025-04-26,RBOB Gasoline,2.7319244218804912
2025-04-27,RBOB Gasoline,2.6770115262455048
2025-04-28,RBOB Gasoline,2.689354966816511
2025-04-29,RBOB Gasoline,2.740345430309765
2025-04-30,RBOB Gasoline,2.776090022431142
2025-05-01,RBOB Gasoline,2.773713700918382
2025-05-02,RBOB Gasoline,2.767329368782446
2025-05-03,RBOB Gasoline,2.8514074625789116
2025-05-04,RBOB Gasoline,2.8703059083301485
2025-05-05,RBOB Gasoline,2.9043320201372276
2025-05-06,RBOB Gasoline,2.8717003196685056
2025-05-07,RBOB Gasoline,2.8094355941315543
2025-05-08,RBOB Gasoline,2.744897120470907
2025-05-09,RBOB Gasoline,2.7339771924779317
2025-05-10,RBOB Gasoline,2.7206875734321723
2025-05-11,RBOB Gasoline,2.7465785024895717
2025-05-12,RBOB Gasoline,2.6943214064608845
2025-05-13,RBOB Gasoline,2.7145895376158307
2025-05-14,RBOB Gasoline,2.697996105544715
2025-05-15,RBOB Gasoline,2.7187621805976496
2025-05-16,RBOB Gasoline,2.7351919806770515
2025-05-17,RBOB Gasoline,2.7044523368422206
2025-05-18,RBOB Gasoline,2.67322736046027
2025-05-19,RBOB Gasoline,2.585842773263202
2025-05-20,RBOB Gasoline,2.5819258570521058
2025-05-21,RBOB Gasoline,2.5436409844221055
2025-05-22,RBOB Gasoline,2.564509461931426
2025-05-23,RBOB Gasoline,2.577075743279335
2025-05-24,RBOB Gasoline,2.5409242136672523
2025-05-25,RBOB Gasoline,2.4801368073468204
2025-05-26,RBOB Gasoline,2.449174970133528
2025-05-27,RBOB Gasoline,2.464205177584892
2025-05-28,RBOB Gasoline,2.480164326855885
2025-05-29,RBOB Gasoline,2.4729415849979435
2025-05-30,RBOB Gasoline,2.4777917711675506
2025-05-31,RBOB Gasoline,2.475297911715913
2025-06-01,RBOB Gasoline,2.439648387562931
2025-06-02,RBOB Gasoline,2.385291030741813
2025-06-03,RBOB Gasoline,2.3504689463083572
2025-06-04,RBOB Gasoline,2.355099016310835
2025-06-05,RBOB Gasoline,2.3742697758051894
2025-06-06,RBOB Gasoline,2.4355132503876322
2025-06-07,RBOB Gasoline,2.4322030422604546
2025-06-08,RBOB Gasoline,2.3513736499223143
2025-06-09,RBOB Gasoline,2.3629563883091906
2025-06-10,RBOB Gasoline,2.3315034154268477
2025-06-11,RBOB Gasoline,2.3667602000051553
2025-06-12,RBOB Gasoline,2.3863944042188394
2025-06-13,RBOB Gasoline,2.4063585250898663
2025-06-14,RBOB Gasoline,2.4412705868973044
2025-06-15,RBOB Gasoline,2.452792963833083
2025-06-16,RBOB Gasoline,2.4256816702658037
2025-06-17,RBOB Gasoline,2.42380847672369
2025-06-18,RBOB Gasoline,2.482526102341143
2025-06-19,RBOB Gasoline,2.440730108821964
2025-06-20,RBOB Gasoline,2.433691459407101
2025-06-21,RBOB Gasoline,2.4558823854196943
2025-06-22,RBOB Gasoline,2.4548363876390047
2025-06-23,RBOB Gasoline,2.480416044911263
2025-06-24,RBOB Gasoline,2.5184367076576555
2024-06-25,Brent Crude Oil,69.12798839281416
2024-06-26,Brent Crude Oil,68.6541736220742
2024-06-27,Brent Crude Oil,68.93037737101842
2024-06-28,Brent Crude Oil,68.34200415471673
2024-06-29,Brent Crude Oil,67.88601518042658
2024-06-30,Brent Crude Oil,67.89008743227242
2024-07-01,Brent Crude Oil,67.56130381259736
2024-07-02,Brent Crude Oil,68.06615507171358
2024-07-03,Brent Crude Oil,66.5026491252646
2024-07-04,Brent Crude Oil,66.02223201639926
2024-07-05,Brent Crude Oil,66.13509602290245
2024-07-06,Brent Crude Oil,64.99110076294104
2024-07-07,Brent Crude Oil,63.53716667006339
2024-07-08,Brent Crude Oil,62.63870676637475
2024-07-09,Brent Crude Oil,59.79021765528939
2024-07-10,Brent Crude Oil,57.7012308647877
2024-07-11,Brent Crude Oil,55.427988596748996
2024-07-12,Brent Crude Oil,57.02915837346441
2024-07-13,Brent Crude Oil,58.75946027180905
2024-07-14,Brent Crude Oil,58.411722466760594
2024-07-15,Brent Crude Oil,58.55690695690005
2024-07-16,Brent Crude Oil,59.21720273199518
2024-07-17,Brent Crude Oil,58.89143861356767
2024-07-18,Brent Crude Oil,56.74023658596954
2024-07-19,Brent Crude Oil,57.75044345038598
2024-07-20,Brent Crude Oil,57.070608614971874
2024-07-21,Brent Crude Oil,55.16140017178865
2024-07-22,Brent Crude Oil,55.39158327749875
2024-07-23,Brent Crude Oil,52.315948223670205
2024-07-24,Brent Crude Oil,53.60203566401347
2024-07-25,Brent Crude Oil,53.93554336485389
2024-07-26,Brent Crude Oil,52.98458301453494
2024-07-27,Brent Crude Oil,54.58414003385508
2024-07-28,Brent Crude Oil,54.69157018187633
2024-07-29,Brent Crude Oil,55.71069335931388
2024-07-30,Brent Crude Oil,56.301079306327274
2024-07-31,Brent Crude Oil,56.158081946551064
2024-08-01,Brent Crude Oil,54.74974044226501
2024-08-02,Brent Crude Oil,54.68076187830342
2024-08-03,Brent Crude Oil,53.82320162043798
2024-08-04,Brent Crude Oil,55.048688574520995
2024-08-05,Brent Crude Oil,53.0979709311899
2024-08-06,Brent Crude Oil,49.487724380898996
2024-08-07,Brent Crude Oil,46.97040631840063
2024-08-08,Brent Crude Oil,47.63429073695795
2024-08-09,Brent Crude Oil,46.842405310382894
2024-08-10,Brent Crude Oil,46.84032948264027
2024-08-11,Brent Crude Oil,47.54403730726686
2024-08-12,Brent Crude Oil,48.70811289432441
2024-08-13,Brent Crude Oil,48.38406125672523
2024-08-14,Brent Crude Oil,48.19338798586452
2024-08-15,Brent Crude Oil,50.01211364231132
2024-08-16,Brent Crude Oil,50.63427508911423
2024-08-17,Brent Crude Oil,51.09104501547727
2024-08-18,Brent Crude Oil,51.853585159396815
2024-08-19,Brent Crude Oil,52.351686396243096
2024-08-20,Brent Crude Oil,55.84537114781436
2024-08-21,Brent Crude Oil,56.15738012948914
2024-08-22,Brent Crude Oil,55.452599828828
2024-08-23,Brent Crude Oil,56.12493216323403
2024-08-24,Brent Crude Oil,55.59063937941572
2024-08-25,Brent Crude Oil,56.632273945604695
2024-08-26,Brent Crude Oil,56.90366659463551
2024-08-27,Brent Crude Oil,56.275499750428224
2024-08-28,Brent Crude Oil,56.72957773689102
2024-08-29,Brent Crude Oil,56.34321131967279
2024-08-30,Brent Crude Oil,56.188579888886494
2024-08-31,Brent Crude Oil,54.24557356379199
2024-09-01,Brent Crude Oil,52.30591287429175
2024-09-02,Brent Crude Oil,53.37456672897635
2024-09-03,Brent Crude Oil,54.179365767913986
2024-09-04,Brent Crude Oil,53.46851249708971
2024-09-05,Brent Crude Oil,50.5999142380685
2024-09-06,Brent Crude Oil,51.11601369912265
2024-09-07,Brent Crude Oil,51.678386020842886
2024-09-08,Brent Crude Oil,52.28853353420042
2024-09-09,Brent Crude Oil,50.05452856409339
2024-09-10,Brent Crude Oil,47.376877661313955
2024-09-11,Brent Crude Oil,48.26081581887209
2024-09-12,Brent Crude Oil,48.92455158966424
2024-09-13,Brent Crude Oil,50.09947727550981
2024-09-14,Brent Crude Oil,51.46941565152875
2024-09-15,Brent Crude Oil,50.29504843312496
2024-09-16,Brent Crude Oil,45.58858221542471
2024-09-17,Brent Crude Oil,45.40025603580955
2024-09-18,Brent Crude Oil,45.2990084697663
2024-09-19,Brent Crude Oil,44.4723159043088
2024-09-20,Brent Crude Oil,46.11621946801073
2024-09-21,Brent Crude Oil,45.4621143197291
2024-09-22,Brent Crude Oil,46.657859192695554
2024-09-23,Brent Crude Oil,47.76750074365724
2024-09-24,Brent Crude Oil,48.13733516553681
2024-09-25,Brent Crude Oil,48.624693110701266
2024-09-26,Brent Crude Oil,47.61024798392663
2024-09-27,Brent Crude Oil,47.77759720520636
2024-09-28,Brent Crude Oil,45.326692760093785
2024-09-29,Brent Crude Oil,44.77813595725623
2024-09-30,Brent Crude Oil,46.513503139682655
2024-10-01,Brent Crude Oil,47.26249955340064
2024-10-02,Brent Crude Oil,47.02169779447114
2024-10-03,Brent Crude Oil,47.764233102426225
2024-10-04,Brent Crude Oil,48.57117889247435
2024-10-05,Brent Crude Oil,48.77102339093681
2024-10-06,Brent Crude Oil,48.69049098664302
2024-10-07,Brent Crude Oil,47.08818512657484
2024-10-08,Brent Crude Oil,48.87540423705752
2024-10-09,Brent Crude Oil,47.97112430407323
2024-10-10,Brent Crude Oil,49.525221586894915
2024-10-11,Brent Crude Oil,50.069652899761856
2024-10-12,Brent Crude Oil,50.105057126026054
2024-10-13,Brent Crude Oil,51.244021749324546
2024-10-14,Brent Crude Oil,49.64329351218192
2024-10-15,Brent Crude Oil,49.53251674146222
2024-10-16,Brent Crude Oil,49.65306816791513
2024-10-17,Brent Crude Oil,49.522575166710524
2024-10-18,Brent Crude Oil,50.78616618106656
2024-10-19,Brent Crude Oil,50.80145836392119
2024-10-20,Brent Crude Oil,51.75045548985046
2024-10-21,Brent Crude Oil,52.14543531974431
2024-10-22,Brent Crude Oil,54.04128678951341
2024-10-23,Brent Crude Oil,54.26946019355758
2024-10-24,Brent Crude Oil,55.310356931436054
2024-10-25,Brent Crude Oil,54.05075839588121
2024-10-26,Brent Crude Oil,55.8957438972308
2024-10-27,Brent Crude Oil,56.90260735481697
2024-10-28,Brent Crude Oil,57.55664848395671
2024-10-29,Brent Crude Oil,56.988572111137785
2024-10-30,Brent Crude Oil,56.843247861146104
2024-10-31,Brent Crude Oil,57.414860147666296
2024-11-01,Brent Crude Oil,56.56965418445641
2024-11-02,Brent Crude Oil,57.14473755673575
2024-11-03,Brent Crude Oil,58.61646554313318
2024-11-04,Brent Crude Oil,59.37127618872487
2024-11-05,Brent Crude Oil,59.452859897557595
2024-11-06,Brent Crude Oil,59.530696784596245
2024-11-07,Brent Crude Oil,60.30152195558414
2024-11-08,Brent Crude Oil,61.90483034989566
2024-11-09,Brent Crude Oil,63.12167767057896
2024-11-10,Brent Crude Oil,61.416365629474
2024-11-11,Brent Crude Oil,60.77553387467147
2024-11-12,Brent Crude Oil,61.360695638152414
2024-11-13,Brent Crude Oil,62.26382701228017
2024-11-14,Brent Crude Oil,62.3596569975846
2024-11-15,Brent Crude Oil,62.87569588435635
2024-11-16,Brent Crude Oil,64.51019679873806
2024-11-17,Brent Crude Oil,63.245186592251905
2024-11-18,Brent Crude Oil,64.62795232466814
2024-11-19,Brent Crude Oil,64.43882566673253
2024-11-20,Brent Crude Oil,68.72142317355052
2024-11-21,Brent Crude Oil,67.0710159905809
2024-11-22,Brent Crude Oil,70.3913070334596
2024-11-23,Brent Crude Oil,72.67454223108469
2024-11-24,Brent Crude Oil,74.14840754926277
2024-11-25,Brent Crude Oil,67.15881076459385
2024-11-26,Brent Crude Oil,65.81735945153486
2024-11-27,Brent Crude Oil,67.33779172206215
2024-11-28,Brent Crude Oil,65.64672561251442
2024-11-29,Brent Crude Oil,62.50162325619715
2024-11-30,Brent Crude Oil,62.40132795389561
2024-12-01,Brent Crude Oil,66.04950909869258
2024-12-02,Brent Crude Oil,66.81310987766585
2024-12-03,Brent Crude Oil,71.05180232327872
2024-12-04,Brent Crude Oil,72.22621979296953
2024-12-05,Brent Crude Oil,74.960093959748
2024-12-06,Brent Crude Oil,73.6881864495208
2024-12-07,Brent Crude Oil,74.71179108468571
2024-12-08,Brent Crude Oil,71.30332827215364
2024-12-09,Brent Crude Oil,71.55232337863286
2024-12-10,Brent Crude Oil,72.80588622147842
2024-12-11,Brent Crude Oil,71.97682799784931
2024-12-12,Brent Crude Oil,71.77557856654325
2024-12-13,Brent Crude Oil,71.89351360618699
2024-12-14,Brent Crude Oil,71.46296197427613
2024-12-15,Brent Crude Oil,68.49549210889303
2024-12-16,Brent Crude Oil,68.32225104924537
2024-12-17,Brent Crude Oil,69.07215675822074
2024-12-18,Brent Crude Oil,67.23533079711599
2024-12-19,Brent Crude Oil,70.25366464298149
2024-12-20,Brent Crude Oil,73.21940188192713
2024-12-21,Brent Crude Oil,73.32740639298238
2024-12-22,Brent Crude Oil,73.83410330565717
2024-12-23,Brent Crude Oil,68.58333341534201
2024-12-24,Brent Crude Oil,69.10814483993552
2024-12-25,Brent Crude Oil,66.7414013989146
2024-12-26,Brent Crude Oil,64.76324738312125
2024-12-27,Brent Crude Oil,63.00169904766327
2024-12-28,Brent Crude Oil,66.89022742751015
2024-12-29,Brent Crude Oil,67.00598607683884
2024-12-30,Brent Crude Oil,66.7650572025692
2024-12-31,Brent Crude Oil,67.65374716225922
2025-01-01,Brent Crude Oil,70.73999195262513
2025-01-02,Brent Crude Oil,68.28398268667935
2025-01-03,Brent Crude Oil,70.41013355956677
2025-01-04,Brent Crude Oil,71.76820754286791
2025-01-05,Brent Crude Oil,72.83565278793868
2025-01-06,Brent Crude Oil,70.05827545745919
2025-01-07,Brent Crude Oil,67.37627592629491
2025-01-08,Brent Crude Oil,68.61371360734981
2025-01-09,Brent Crude Oil,69.93949065690842
2025-01-10,Brent Crude Oil,69.99820935627447
2025-01-11,Brent Crude Oil,72.43231646686569
2025-01-12,Brent Crude Oil,69.49365391556968
2025-01-13,Brent Crude Oil,68.54022962856577
2025-01-14,Brent Crude Oil,68.06812922545704
2025-01-15,Brent Crude Oil,69.69077074464926
2025-01-16,Brent Crude Oil,68.63752859896339
2025-01-17,Brent Crude Oil,68.91409021745504
2025-01-18,Brent Crude Oil,66.80444434621259
2025-01-19,Brent Crude Oil,67.09360097192263
2025-01-20,Brent Crude Oil,68.23735762851535
2025-01-21,Brent Crude Oil,70.38211920279697
2025-01-22,Brent Crude Oil,68.734296370364
2025-01-23,Brent Crude Oil,69.09052749095717
2025-01-24,Brent Crude Oil,68.99246682653211
2025-01-25,Brent Crude Oil,66.42728317947355
2025-01-26,Brent Crude Oil,68.6980032160747
2025-01-27,Brent Crude Oil,70.8808240050188
2025-01-28,Brent Crude Oil,71.00262668029778
2025-01-29,Brent Crude Oil,70.39888056485377
2025-01-30,Brent Crude Oil,70.03848454874388
2025-01-31,Brent Crude Oil,69.16033999692846
2025-02-01,Brent Crude Oil,67.75383370832837
2025-02-02,Brent Crude Oil,69.28610204119815
2025-02-03,Brent Crude Oil,67.94034429019497
2025-02-04,Brent Crude Oil,68.58731519555064
2025-02-05,Brent Crude Oil,65.18158723937734
2025-02-06,Brent Crude Oil,64.36571491776282
2025-02-07,Brent Crude Oil,64.90254180339198
2025-02-08,Brent Crude Oil,63.90959641368626
2025-02-09,Brent Crude Oil,64.6730028836186
2025-02-10,Brent Crude Oil,65.24461773149373
2025-02-11,Brent Crude Oil,64.74869777719202
2025-02-12,Brent Crude Oil,61.92609932773658
2025-02-13,Brent Crude Oil,59.131576887288986
2025-02-14,Brent Crude Oil,59.76878419832928
2025-02-15,Brent Crude Oil,61.0006676509302
2025-02-16,Brent Crude Oil,62.713985590858805
2025-02-17,Brent Crude Oil,63.67646561748143
2025-02-18,Brent Crude Oil,60.8136545611299
2025-02-19,Brent Crude Oil,60.91184691473901
2025-02-20,Brent Crude Oil,60.71548007094444
2025-02-21,Brent Crude Oil,62.537845187352204
2025-02-22,Brent Crude Oil,63.841125378412016
2025-02-23,Brent Crude Oil,63.77307232501299
2025-02-24,Brent Crude Oil,62.91683884645848
2025-02-25,Brent Crude Oil,60.894139143371255
2025-02-26,Brent Crude Oil,62.37049415471365
2025-02-27,Brent Crude Oil,62.93615667550915
2025-02-28,Brent Crude Oil,63.313812147698144
2025-03-01,Brent Crude Oil,62.45337430465499
2025-03-02,Brent Crude Oil,63.51415351422953
2025-03-03,Brent Crude Oil,64.2743493212358
2025-03-04,Brent Crude Oil,60.72378992076581
2025-03-05,Brent Crude Oil,61.30420945816352
2025-03-06,Brent Crude Oil,59.555960902054075
2025-03-07,Brent Crude Oil,58.31272211535603
2025-03-08,Brent Crude Oil,59.35779944228971
2025-03-09,Brent Crude Oil,60.008727745411754
2025-03-10,Brent Crude Oil,60.93013062792894
2025-03-11,Brent Crude Oil,60.930042529546114
2025-03-12,Brent Crude Oil,62.11461740533021
2025-03-13,Brent Crude Oil,62.43665696984836
2025-03-14,Brent Crude Oil,62.296155122253644
2025-03-15,Brent Crude Oil,61.027734678908146
2025-03-16,Brent Crude Oil,61.99210631254737
2025-03-17,Brent Crude Oil,62.034839519501745
2025-03-18,Brent Crude Oil,59.85472487461067
2025-03-19,Brent Crude Oil,59.22818849772726
2025-03-20,Brent Crude Oil,61.29316923126977
2025-03-21,Brent Crude Oil,62.05411392502596
2025-03-22,Brent Crude Oil,61.62527518420005
2025-03-23,Brent Crude Oil,63.62616354536911
2025-03-24,Brent Crude Oil,65.60202026088142
2025-03-25,Brent Crude Oil,62.60960683028402
2025-03-26,Brent Crude Oil,62.193814804057595
2025-03-27,Brent Crude Oil,59.9372815613039
2025-03-28,Brent Crude Oil,60.41395139175043
2025-03-29,Brent Crude Oil,61.16927728093817
2025-03-30,Brent Crude Oil,58.1644127073364
2025-03-31,Brent Crude Oil,59.32662644697012
2025-04-01,Brent Crude Oil,61.12158530886538
2025-04-02,Brent Crude Oil,60.633790707766636
2025-04-03,Brent Crude Oil,60.603225286883905
2025-04-04,Brent Crude Oil,61.46708621417376
2025-04-05,Brent Crude Oil,59.81740725628909
2025-04-06,Brent Crude Oil,60.23176726552486
2025-04-07,Brent Crude Oil,60.258896132437044
2025-04-08,Brent Crude Oil,59.23253667293014
2025-04-09,Brent Crude Oil,58.423300516975125
2025-04-10,Brent Crude Oil,59.251122641998805
2025-04-11,Brent Crude Oil,57.539461602264
2025-04-12,Brent Crude Oil,56.59878920024749
2025-04-13,Brent Crude Oil,57.42293296105487
2025-04-14,Brent Crude Oil,58.5025605210764
2025-04-15,Brent Crude Oil,59.24743492320821
2025-04-16,Brent Crude Oil,59.980518928133236
2025-04-17,Brent Crude Oil,59.95520082101406
2025-04-18,Brent Crude Oil,62.127302945772854
2025-04-19,Brent Crude Oil,63.38924573068662
2025-04-20,Brent Crude Oil,62.928720126487434
2025-04-21,Brent Crude Oil,64.09692968103145
2025-04-22,Brent Crude Oil,63.374047124448154
2025-04-23,Brent Crude Oil,63.7590317177312
2025-04-24,Brent Crude Oil,62.74723121553119
2025-04-25,Brent Crude Oil,63.4375301830566
2025-04-26,Brent Crude Oil,63.36861644998852
2025-04-27,Brent Crude Oil,62.992735269661175
2025-04-28,Brent Crude Oil,63.48511163418272
2025-04-29,Brent Crude Oil,64.5373312937229
2025-04-30,Brent Crude Oil,65.56765867276293
2025-05-01,Brent Crude Oil,66.27406282989068
2025-05-02,Brent Crude Oil,65.32536630322886
2025-05-03,Brent Crude Oil,65.2906567520998
2025-05-04,Brent Crude Oil,66.7749187664801
2025-05-05,Brent Crude Oil,66.85674018470064
2025-05-06,Brent Crude Oil,66.56329869273738
2025-05-07,Brent Crude Oil,65.9808207365712
2025-05-08,Brent Crude Oil,65.74369236532692
2025-05-09,Brent Crude Oil,65.08594786059966
2025-05-10,Brent Crude Oil,64.25865076940214
2025-05-11,Brent Crude Oil,65.74069087634922
2025-05-12,Brent Crude Oil,65.30489441229142
2025-05-13,Brent Crude Oil,65.0191602619748
2025-05-14,Brent Crude Oil,63.8821836715704
2025-05-15,Brent Crude Oil,65.2741261894902
2025-05-16,Brent Crude Oil,66.4392239024344
2025-05-17,Brent Crude Oil,64.64740498725214
2025-05-18,Brent Crude Oil,64.47307532045244
2025-05-19,Brent Crude Oil,61.36611260767709
2025-05-20,Brent Crude Oil,60.914822747630296
2025-05-21,Brent Crude Oil,59.542134071902275
2025-05-22,Brent Crude Oil,59.662497806347886
2025-05-23,Brent Crude Oil,60.27295286934683
2025-05-24,Brent Crude Oil,59.477825151145964
2025-05-25,Brent Crude Oil,58.923498976958236
2025-05-26,Brent Crude Oil,57.83886919599725
2025-05-27,Brent Crude Oil,58.14110974653453
2025-05-28,Brent Crude Oil,58.83808697352521
2025-05-29,Brent Crude Oil,59.52587115921547
2025-05-30,Brent Crude Oil,59.294551818287864
2025-05-31,Brent Crude Oil,58.67038779674383
2025-06-01,Brent Crude Oil,57.30096707038202
2025-06-02,Brent Crude Oil,55.731322798192195
2025-06-03,Brent Crude Oil,54.86239836550292
2025-06-04,Brent Crude Oil,54.5951638144769
2025-06-05,Brent Crude Oil,56.04769966581344
2025-06-06,Brent Crude Oil,58.474619286987995
2025-06-07,Brent Crude Oil,58.52602812967009
2025-06-08,Brent Crude Oil,56.61123416135099
2025-06-09,Brent Crude Oil,55.94491910621347
2025-06-10,Brent Crude Oil,54.425008762377075
2025-06-11,Brent Crude Oil,54.092422291185535
2025-06-12,Brent Crude Oil,55.73282181786998
2025-06-13,Brent Crude Oil,55.838773075336164
2025-06-14,Brent Crude Oil,56.806550324589765
2025-06-15,Brent Crude Oil,58.23946458101758
2025-06-16,Brent Crude Oil,57.25035471347211
2025-06-17,Brent Crude Oil,57.40984422115422
2025-06-18,Brent Crude Oil,59.64798236749844
2025-06-19,Brent Crude Oil,58.09770333391169
2025-06-20,Brent Crude Oil,57.54364775667472
2025-06-21,Brent Crude Oil,58.51941402663367
2025-06-22,Brent Crude Oil,58.7126141219201
2025-06-23,Brent Crude Oil,58.82322706738156
2025-06-24,Brent Crude Oil,59.422356047558345
